uid,domainID,siteID,plotID,namedLocation,collectDate,eventID,samplingProtocolVersion,genomicsPooledIDList,genomicsSampleID,genomicsSampleCode,sampleCondition,processedBy,remarks,genomicsDataQF,publicationDate,release
8a07b655-fc04-48ce-af45-027d6400e863,D01,BART,BART_001,BART_001.basePlot.bgc,2016-07-25T16:38Z,,NEON.DOC.014048vF,BART_001-O-30-17-20160725|BART_001-O-11.5-9.5-20160725|BART_001-O-35-27-20160725,BART_001-O-20160725-COMP,,OK,ramundson@field-ops.org,,,20201217T170854Z,RELEASE-2021
b5d4fb46-0315-4073-aabe-f63f4fd20d0c,D01,BART,BART_004,BART_004.basePlot.bgc,2016-07-25T19:08Z,,NEON.DOC.014048vF,BART_004-O-18-4.5-20160725|BART_004-O-22.5-2.5-20160725|BART_004-O-2.5-34.5-20160725,BART_004-O-20160725-COMP,,OK,ramundson@field-ops.org,,,20201217T170854Z,RELEASE-2021
1d2ac466-dc74-48c5-88c5-ff272d2473f8,D01,BART,BART_042,BART_042.basePlot.bgc,2016-07-25T21:15Z,,NEON.DOC.014048vF,BART_042-O-4.5-4-20160725|BART_042-O-4-31.5-20160725|BART_042-O-33-2-20160725,BART_042-O-20160725-COMP,,OK,ramundson@field-ops.org,,,20201217T170854Z,RELEASE-2021
90895fff-c14b-471f-8bdb-a995b4d7e6d5,D01,BART,BART_003,BART_003.basePlot.bgc,2016-07-26T14:43Z,,NEON.DOC.014048vF,BART_003-O-37.5-18.5-20160726|BART_003-O-18-36.5-20160726|BART_003-O-35-25-20160726,BART_003-O-20160726-COMP,,OK,ramundson@field-ops.org,,,20201217T170854Z,RELEASE-2021
5f1c3e0f-17d6-4baf-854a-62292d514f53,D01,BART,BART_024,BART_024.basePlot.bgc,2016-07-26T17:23Z,,NEON.DOC.014048vF,BART_024-O-23.5-36-20160726|BART_024-O-36-13-20160726|BART_024-O-13-8-20160726,BART_024-O-20160726-COMP,,OK,ramundson@field-ops.org,,,20201217T170854Z,RELEASE-2021
1e825025-2a93-4fc7-88e7-bfb7a463aee5,D01,BART,BART_023,BART_023.basePlot.bgc,2016-07-26T20:00Z,,NEON.DOC.014048vF,BART_023-O-11.5-37-20160726|BART_023-O-38.5-23-20160726|BART_023-O-32-7-20160726,BART_023-O-20160726-COMP,,OK,ramundson@field-ops.org,,,20201217T170854Z,RELEASE-2021
cd470e1b-b328-48db-a14a-4cf20e5c823a,D01,BART,BART_002,BART_002.basePlot.bgc,2016-07-27T13:17Z,,NEON.DOC.014048vF,BART_002-O-12-0.5-20160727|BART_002-O-11-32.5-20160727|BART_002-O-38-10.5-20160727,BART_002-O-20160727-COMP,,OK,ramundson@field-ops.org,,,20201217T170854Z,RELEASE-2021
45fab39d-4597-4a19-ae98-9615a1243811,D01,BART,BART_036,BART_036.basePlot.bgc,2016-07-27T15:15Z,,NEON.DOC.014048vF,BART_036-O-4-9-20160727|BART_036-O-38.5-13-20160727|BART_036-O-9.5-21.5-20160727,BART_036-O-20160727-COMP,,OK,ramundson@field-ops.org,,,20201217T170854Z,RELEASE-2021
033d1c32-7686-4a70-ae5d-8f26fb3bc8ae,D01,BART,BART_071,BART_071.basePlot.bgc,2016-07-27T16:50Z,,NEON.DOC.014048vF,BART_071-O-22.5-31-20160727|BART_071-O-26.5-5.5-20160727|BART_071-O-10-3-20160727,BART_071-O-20160727-COMP,,OK,ramundson@field-ops.org,,,20201217T170854Z,RELEASE-2021
9abeebc9-52f4-4ac0-bc33-2770951c1877,D01,BART,BART_040,BART_040.basePlot.bgc,2016-07-27T18:37Z,,NEON.DOC.014048vF,BART_040-O-20-34-20160727|BART_040-O-1-18-20160727|BART_040-O-23-8-20160727,BART_040-O-20160727-COMP,,OK,ramundson@field-ops.org,,,20201217T170854Z,RELEASE-2021
fb1b03ac-a204-4f49-a156-69799d7fc31a,D01,BART,BART_001,BART_001.basePlot.bgc,2017-06-12T17:31Z,,NEON.DOC.014048vF,BART_001-O-17.5-38.5-20170612|BART_001-O-35.5-26.5-20170612|BART_001-O-24-3.5-20170612,BART_001-O-20170612-COMP,,OK,chines@field-ops.org,,,20201217T214234Z,RELEASE-2021
db15da9f-b055-4cde-924b-57788778e4b9,D01,BART,BART_002,BART_002.basePlot.bgc,2017-06-12T19:53Z,,NEON.DOC.014048vF,BART_002-O-4.5-14-20170612|BART_002-O-2-28.5-20170612|BART_002-O-31-25.5-20170612,BART_002-O-20170612-COMP,,OK,chines@field-ops.org,,,20201217T214234Z,RELEASE-2021
8507e2b2-384c-493e-8add-de5c50fe4fc4,D01,BART,BART_071,BART_071.basePlot.bgc,2017-06-13T12:57Z,,NEON.DOC.014048vF,BART_071-O-3.5-5.5-20170613|BART_071-O-0.5-34-20170613|BART_071-O-29-39-20170613,BART_071-O-20170613-COMP,,OK,chines@field-ops.org,,,20201217T214234Z,RELEASE-2021
1ca4607a-bd42-498e-b20c-1c92f2ef7d65,D01,BART,BART_040,BART_040.basePlot.bgc,2017-06-13T14:25Z,,NEON.DOC.014048vF,BART_040-O-7.5-31-20170613|BART_040-O-36.5-17.5-20170613|BART_040-O-36.5-32-20170613,BART_040-O-20170613-COMP,,OK,chines@field-ops.org,,,20201217T214234Z,RELEASE-2021
e72fcf85-4d1b-4b6b-90ae-8c35c2c95cf8,D01,BART,BART_036,BART_036.basePlot.bgc,2017-06-13T17:03Z,,NEON.DOC.014048vF,BART_036-O-3.5-23.5-20170613|BART_036-O-24.5-0-20170613|BART_036-O-34.5-27.5-20170613,BART_036-O-20170613-COMP,,OK,sgoudreau@battelleecology.org,,,20201217T214234Z,RELEASE-2021
4e4c9fd8-6129-4197-bec4-7e3c103faba9,D01,BART,BART_042,BART_042.basePlot.bgc,2017-06-13T18:19Z,,NEON.DOC.014048vF,BART_042-O-38.5-34-20170613|BART_042-O-5-27-20170613|BART_042-O-2.5-14-20170613,BART_042-O-20170613-COMP,,OK,Sgoudreau@battelleecology.org,,,20201217T214234Z,RELEASE-2021
e532915a-f6a2-4392-9c57-7b825e303902,D01,BART,BART_003,BART_003.basePlot.bgc,2017-06-14T12:47Z,,NEON.DOC.014048vF,BART_003-O-31.5-36.5-20170614|BART_003-O-38-4.5-20170614|BART_003-O-13-39-20170614,BART_003-O-20170614-COMP,,OK,sgoudreau@battelleecology.org,,,20201217T214234Z,RELEASE-2021
a23d45b5-9464-4c9f-b33c-5b287384afa8,D01,BART,BART_024,BART_024.basePlot.bgc,2017-06-14T14:12Z,,NEON.DOC.014048vF,BART_024-O-0-0-20170614|BART_024-O-39-24.5-20170614|BART_024-O-22.5-1.5-20170614,BART_024-O-20170614-COMP,,OK,sgoudreau@battelleecology.org,,,20201217T214234Z,RELEASE-2021
0d0b8b9a-4d6b-40ed-9511-f1fbc45463a4,D01,BART,BART_023,BART_023.basePlot.bgc,2017-06-14T15:56Z,,NEON.DOC.014048vF,BART_023-O-4.5-23.5-20170614|BART_023-O-33-30.5-20170614|BART_023-O-34.5-3-20170614,BART_023-O-20170614-COMP,,OK,Sgoudreau@battelleecology.org,,,20201217T214234Z,RELEASE-2021
6b11d6f6-ad23-4bb5-ade1-4b27ae5bfee2,D01,BART,BART_004,BART_004.basePlot.bgc,2017-06-14T18:42Z,,NEON.DOC.014048vF,BART_004-O-9-27.5-20170614|BART_004-O-7-17-20170614|BART_004-O-39.5-36.5-20170614,BART_004-O-20170614-COMP,,OK,Sgoudreau@battelleecology.org,,,20201217T214234Z,RELEASE-2021
ab7e49ba-c5cf-4386-93af-e7a1a35c8a0a,D01,BART,BART_071,BART_071.basePlot.bgc,2021-06-08T18:48Z,BART.peakGreenness.2021,NEON.DOC.014048vN,BART_071-O-4-17-20210608|BART_071-O-3.5-22-20210608|BART_071-O-33-26.5-20210608,BART_071-O-20210608-COMP,B00000068183,OK,0000-0002-7459-3860,,,20211011T163840Z,PROVISIONAL
b914cf32-c0d4-4f54-8263-0404363b3494,D01,BART,BART_040,BART_040.basePlot.bgc,2021-06-08T20:36Z,BART.peakGreenness.2021,NEON.DOC.014048vN,BART_040-O-8-34.5-20210608|BART_040-O-9.5-0.5-20210608|BART_040-O-36.5-31.5-20210608,BART_040-O-20210608-COMP,B00000068181,OK,0000-0002-7459-3860,,,20211011T163840Z,PROVISIONAL
09d21537-62d4-4a17-a561-ca7be1339fa7,D01,BART,BART_002,BART_002.basePlot.bgc,2021-06-09T14:42Z,BART.peakGreenness.2021,NEON.DOC.014048vN,BART_002-O-8.5-12-20210609|BART_002-O-39.5-22.5-20210609|BART_002-O-0.5-24.5-20210609,BART_002-O-20210609-COMP,B00000068187,OK,0000-0002-7459-3860,,,20211011T163840Z,PROVISIONAL
ef95cd4d-4d3a-4217-9922-f01bf543c539,D01,BART,BART_001,BART_001.basePlot.bgc,2021-06-09T14:16Z,BART.peakGreenness.2021,NEON.DOC.014048vN,BART_001-O-1-34-20210609|BART_001-O-17.5-2-20210609|BART_001-O-36-39.5-20210609,BART_001-O-20210609-COMP,B00000068188,OK,0000-0003-1934-4447,,,20211011T163840Z,PROVISIONAL
68c0f314-7448-4b26-abaa-ff91bcdf97fb,D01,BART,BART_036,BART_036.basePlot.bgc,2021-06-09T18:17Z,BART.peakGreenness.2021,NEON.DOC.014048vN,BART_036-O-19.5-9-20210609|BART_036-O-39.5-38-20210609|BART_036-O-31.5-0-20210609,BART_036-O-20210609-COMP,B00000068182,OK,0000-0002-7459-3860,,,20211011T163840Z,PROVISIONAL
0f2d0f61-1f30-4804-8fea-825f74700a44,D01,BART,BART_042,BART_042.basePlot.bgc,2021-06-09T20:01Z,BART.peakGreenness.2021,NEON.DOC.014048vN,BART_042-O-6.5-28.5-20210609|BART_042-O-8-14-20210609|BART_042-O-36-27.5-20210609,BART_042-O-20210609-COMP,B00000068184,OK,0000-0002-7459-3860,,,20211011T163840Z,PROVISIONAL
32e23a50-ea91-47f8-92ea-44fe3ab9203b,D01,BART,BART_004,BART_004.basePlot.bgc,2021-06-10T14:34Z,BART.peakGreenness.2021,NEON.DOC.014048vN,BART_004-O-14.5-6.5-20210610|BART_004-O-2-28-20210610|BART_004-O-39-1.5-20210610,BART_004-O-20210610-COMP,B00000068189,OK,0000-0001-9529-4416,,,20211011T163840Z,PROVISIONAL
6d81e957-2262-411c-bbd1-5d9aabf4aa97,D01,BART,BART_003,BART_003.basePlot.bgc,2021-06-10T18:01Z,BART.peakGreenness.2021,NEON.DOC.014048vN,BART_003-O-16.5-31-20210610|BART_003-O-7-3.5-20210610|BART_003-O-38.5-15-20210610,BART_003-O-20210610-COMP,B00000068186,OK,0000-0002-9520-4182,,,20211011T163840Z,PROVISIONAL
c82edd0e-37fc-433f-b0b1-fbd82b382f12,D01,BART,BART_023,BART_023.basePlot.bgc,2021-06-10T20:18Z,BART.peakGreenness.2021,NEON.DOC.014048vN,BART_023-O-10.5-35-20210610|BART_023-O-39.5-39-20210610|BART_023-O-37.5-3.5-20210610,BART_023-O-20210610-COMP,B00000068190,OK,0000-0002-9520-4182,,,20211011T163840Z,PROVISIONAL
32711de5-4709-4e40-9d0d-5bfab19653b7,D01,BART,BART_005,BART_005.basePlot.bgc,2021-06-11T12:22Z,BART.peakGreenness.2021,NEON.DOC.014048vN,BART_005-O-2.5-16.5-20210611|BART_005-O-7.5-21-20210611|BART_005-O-37-33.5-20210611,BART_005-O-20210611-COMP,B00000068185,OK,0000-0001-9529-4416,,,20211011T163840Z,PROVISIONAL
cb98b6ee-4033-46ad-a80b-afae2ef83857,D01,HARV,HARV_013,HARV_013.basePlot.bgc,2013-07-09T15:30Z,,NEON.DOC.014048vB,HARV_013-M-38-5-20130709|HARV_013-M-22-37-20130709|HARV_013-M-9-22-20130709,HARV_013-M-20130709-COMP,,OK,,samples were not field-composited prior to 2015. DNA was pooled at the analytical facility.,,20201217T033844Z,RELEASE-2021
93d8a5c4-f599-498b-9fea-9974c264d347,D01,HARV,HARV_001,HARV_001.basePlot.bgc,2013-07-09T18:45Z,,NEON.DOC.014048vB,HARV_001-M-9-26-20130709|HARV_001-M-25-38-20130709|HARV_001-M-22-2-20130709,HARV_001-M-20130709-COMP,,OK,,samples were not field-composited prior to 2015. DNA was pooled at the analytical facility.,,20201217T033844Z,RELEASE-2021
a8b62025-9ed2-493c-8ac5-5f565802d3f6,D01,HARV,HARV_004,HARV_004.basePlot.bgc,2013-07-09T21:21Z,,NEON.DOC.014048vB,HARV_004-M-34-37-20130709|HARV_004-M-5-35-20130709|HARV_004-M-16-35-20130709,HARV_004-M-20130709-COMP,,OK,,samples were not field-composited prior to 2015. DNA was pooled at the analytical facility.,,20201217T033844Z,RELEASE-2021
e4265ed5-6c2c-4057-838b-1214f2c38796,D01,HARV,HARV_016,HARV_016.basePlot.bgc,2013-07-09T23:39Z,,NEON.DOC.014048vB,HARV_016-M-1-1-20130709|HARV_016-M-3-10-20130709|HARV_016-M-22-33-20130709,HARV_016-M-20130709-COMP,,OK,,samples were not field-composited prior to 2015. DNA was pooled at the analytical facility.,,20201217T033844Z,RELEASE-2021
eaa22d6c-9d43-421e-bc2f-e7f0b7c6f566,D01,HARV,HARV_013,HARV_013.basePlot.bgc,2013-11-22T14:18Z,,NEON.DOC.014048vB,HARV_013-O-24-9-20131122|HARV_013-O-31-27-20131122|HARV_013-O-4-14-20131122,HARV_013-O-20131122-COMP,,OK,,samples were not field-composited prior to 2015. DNA was pooled at the analytical facility.,,20201217T033527Z,RELEASE-2021
29008cb4-e8f1-4f67-b49d-5a1dcdc5c048,D01,HARV,HARV_001,HARV_001.basePlot.bgc,2013-11-22T15:50Z,,NEON.DOC.014048vB,HARV_001-M-30-7-20131122|HARV_001-M-13-7-20131122|HARV_001-M-35-29-20131122,HARV_001-M-20131122-COMP,,OK,,samples were not field-composited prior to 2015. DNA was pooled at the analytical facility.,,20201217T033527Z,RELEASE-2021
a05c95dc-30f0-4b6e-a826-5da1ab356abc,D01,HARV,HARV_001,HARV_001.basePlot.bgc,2013-11-22T15:50Z,,NEON.DOC.014048vB,HARV_001-O-13-7-20131122|HARV_001-O-35-29-20131122|HARV_001-O-30-7-20131122,HARV_001-O-20131122-COMP,,OK,,samples were not field-composited prior to 2015. DNA was pooled at the analytical facility.,,20201217T033527Z,RELEASE-2021
48ef4592-50a0-43e0-89ae-3fceb083be4b,D01,HARV,HARV_004,HARV_004.basePlot.bgc,2013-11-22T17:25Z,,NEON.DOC.014048vB,HARV_004-O-19-1-20131122|HARV_004-O-29-34-20131122|HARV_004-O-31-8-20131122,HARV_004-O-20131122-COMP,,OK,,samples were not field-composited prior to 2015. DNA was pooled at the analytical facility.,,20201217T033527Z,RELEASE-2021
edc5294f-1c2a-43b6-86fe-aad73865f6ed,D01,HARV,HARV_035,HARV_035.basePlot.bgc,2016-08-02T14:50Z,,NEON.DOC.014048vF,HARV_035-O-2-36.5-20160802|HARV_035-O-4-9-20160802|HARV_035-O-30-35-20160802,HARV_035-O-20160802-COMP,,OK,agray@field-ops.org,,,20201217T185043Z,RELEASE-2021
53af1038-106c-46d4-8f04-8e60e692d04e,D01,HARV,HARV_033,HARV_033.basePlot.bgc,2016-08-02T16:22Z,,NEON.DOC.014048vF,HARV_033-O-31-8-20160802|HARV_033-O-21.5-37.5-20160802|HARV_033-O-19.5-36.5-20160802,HARV_033-O-20160802-COMP,,OK,agray@field-ops.org,,,20201217T185043Z,RELEASE-2021
59cd591c-2dc1-4c3f-9a56-a523d96e3b94,D01,HARV,HARV_037,HARV_037.basePlot.bgc,2016-08-02T17:52Z,,NEON.DOC.014048vF,HARV_037-O-5-18-20160802|HARV_037-O-25.5-38.5-20160802|HARV_037-O-28.5-1-20160802,HARV_037-O-20160802-COMP,,OK,agray@field-ops.org,,,20201217T185043Z,RELEASE-2021
1c74b36a-3bc2-4394-b149-82e6350cb271,D01,HARV,HARV_034,HARV_034.basePlot.bgc,2016-08-02T19:05Z,,NEON.DOC.014048vF,HARV_034-O-36.5-37.5-20160802|HARV_034-O-18-8-20160802|HARV_034-O-38-2.5-20160802,HARV_034-O-20160802-COMP,,OK,agray@field-ops.org,,,20201217T185043Z,RELEASE-2021
88516c4f-b508-49a7-a7de-ffadfc2dd64e,D01,HARV,HARV_013,HARV_013.basePlot.bgc,2016-08-03T14:11Z,,NEON.DOC.014048vF,HARV_013-O-1.5-8.5-20160803|HARV_013-O-5-30.5-20160803|HARV_013-O-23.5-38-20160803,HARV_013-O-20160803-COMP,,OK,agray@field-ops.org,,,20201217T185043Z,RELEASE-2021
5d4b860b-e3cd-4c67-9cfe-4ef31a652d2b,D01,HARV,HARV_001,HARV_001.basePlot.bgc,2016-08-03T16:12Z,,NEON.DOC.014048vF,HARV_001-O-38.5-1-20160803|HARV_001-O-30.5-37.5-20160803|HARV_001-O-2.5-18-20160803,HARV_001-O-20160803-COMP,,OK,agray@field-ops.org,,,20201217T185043Z,RELEASE-2021
b747a6e7-0d74-43be-bd61-95b8c21e53f2,D01,HARV,HARV_010,HARV_010.basePlot.bgc,2016-08-03T17:57Z,,NEON.DOC.014048vF,HARV_010-O-32.5-29.5-20160803|HARV_010-O-28-6-20160803|HARV_010-O-7-6-20160803,HARV_010-O-20160803-COMP,,OK,agray@field-ops.org,,,20201217T185043Z,RELEASE-2021
84c4376f-b5d2-44a8-be34-cac3007c7657,D01,HARV,HARV_004,HARV_004.basePlot.bgc,2016-08-03T19:26Z,,NEON.DOC.014048vF,HARV_004-O-9.5-33-20160803|HARV_004-O-24.5-1-20160803|HARV_004-O-8.5-14-20160803,HARV_004-O-20160803-COMP,,OK,agray@field-ops.org,,,20201217T185043Z,RELEASE-2021
772d1451-b2de-43c5-8ca9-16be6f7352c2,D01,HARV,HARV_020,HARV_020.basePlot.bgc,2016-08-11T18:27Z,,NEON.DOC.014048vF,HARV_020-O-17-31-20160811|HARV_020-O-31-27-20160811|HARV_020-O-35.5-7.5-20160809,HARV_020-O-20160809-COMP,,OK,agray@field-ops.org,,,20201217T185043Z,RELEASE-2021
1bf5e6e4-cd0b-4c61-80fe-ad46de133275,D01,HARV,HARV_002,HARV_002.basePlot.bgc,2016-08-09T17:25Z,,NEON.DOC.014048vF,HARV_002-O-1.5-7-20160809|HARV_002-O-39-7-20160809|HARV_002-O-19.5-39-20160809,HARV_002-O-20160809-COMP,,OK,agray@field-ops.org,,,20201217T185043Z,RELEASE-2021
4a6c96ed-c927-445a-869b-06b29cf1944b,D01,HARV,HARV_001,HARV_001.basePlot.bgc,2017-07-31T15:27Z,,NEON.DOC.014048vJ,HARV_001-O-27-2-20170731|HARV_001-O-21.5-30.5-20170731|HARV_001-O-7-32-20170731,HARV_001-O-20170731-COMP,,OK,chines@field-ops.org,,,20201217T230229Z,RELEASE-2021
399a13b4-773e-4735-8d59-ac4f9e63ba18,D01,HARV,HARV_037,HARV_037.basePlot.bgc,2017-07-31T17:45Z,,NEON.DOC.014048vF,HARV_037-O-1-36.5-20170731|HARV_037-O-38.5-5.5-20170731|HARV_037-O-22.5-37.5-20170731,HARV_037-O-20170731-COMP,,OK,jbreault@field-ops.org,,,20201217T230229Z,RELEASE-2021
a364c805-a92b-489f-909d-d56ac276c486,D01,HARV,HARV_010,HARV_010.basePlot.bgc,2017-07-31T16:54Z,,NEON.DOC.014048vJ,HARV_010-O-37-36-20170731|HARV_010-O-0.5-7-20170731|HARV_010-O-9.5-20.5-20170731,HARV_010-O-20170731-COMP,,OK,ramundson@field-ops.org,,,20201217T230229Z,RELEASE-2021
94777ca8-ce1f-46cf-95a9-6568547ccddb,D01,HARV,HARV_004,HARV_004.basePlot.bgc,2017-07-31T18:46Z,,NEON.DOC.014048vJ,HARV_004-O-2-38.5-20170731|HARV_004-O-27-33-20170731|HARV_004-O-6.5-15-20170731,HARV_004-O-20170731-COMP,,OK,chines@field-ops.org,,,20201217T230229Z,RELEASE-2021
03827c21-2400-44a0-9d03-d64c5198a4bb,D01,HARV,HARV_034,HARV_034.basePlot.bgc,2017-07-31T19:48Z,,NEON.DOC.014048vJ,HARV_034-O-19.5-37.5-20170731|HARV_034-O-39-37-20170731|HARV_034-O-39.5-15-20170731,HARV_034-O-20170731-COMP,,OK,jbreault@field-ops.org,,,20201217T230229Z,RELEASE-2021
5cbd4367-77e5-4352-92b4-5e4e6a2ff2c1,D01,HARV,HARV_020,HARV_020.basePlot.bgc,2017-07-31T20:13Z,,NEON.DOC.014048vJ,HARV_020-O-27-37.5-20170731|HARV_020-O-22.5-2-20170731|HARV_020-O-4-36-20170731,HARV_020-O-20170731-COMP,,OK,ramundson@field-ops.org,,,20201217T230229Z,RELEASE-2021
16bcc9f5-9eb1-4474-8207-5afb1ebf017e,D01,HARV,HARV_035,HARV_035.basePlot.bgc,2017-08-01T12:04Z,,NEON.DOC.014048vJ,HARV_035-O-31-18.5-20170801|HARV_035-O-0-3-20170801|HARV_035-O-34.5-26-20170801,HARV_035-O-20170801-COMP,,OK,jbreault@field-ops.org,,,20201217T234039Z,RELEASE-2021
6dac33b6-1b6e-46b1-8fb5-ef51381b06a3,D01,HARV,HARV_033,HARV_033.basePlot.bgc,2017-08-01T13:14Z,,NEON.DOC.014048vJ,HARV_033-O-36.5-26-20170801|HARV_033-O-12-31-20170801|HARV_033-O-19.5-0.5-20170801,HARV_033-O-20170801-COMP,,OK,sstevens@battelleecology.org,,,20201217T234039Z,RELEASE-2021
e6024ff6-d445-4a0a-8286-4892c5cfdebc,D01,HARV,HARV_013,HARV_013.basePlot.bgc,2017-08-01T13:37Z,,NEON.DOC.014048vJ,HARV_013-O-21-4.5-20170801|HARV_013-O-1-9-20170801|HARV_013-O-25-33-20170801,HARV_013-O-20170801-COMP,,OK,chines@field-ops.org,,,20201217T234039Z,RELEASE-2021
597b181b-b510-4eb6-9013-80d0a22b0c73,D01,HARV,HARV_002,HARV_002.basePlot.bgc,2017-08-01T16:01Z,,NEON.DOC.014048vJ,HARV_002-O-21-35-20170801|HARV_002-O-3.5-25.5-20170801|HARV_002-O-16-1.5-20170801,HARV_002-O-20170801-COMP,,OK,chines@field-ops.org,,,20201217T234039Z,RELEASE-2021
482856d6-ad82-4766-b154-b259aae485cd,D01,HARV,HARV_033,HARV_033.basePlot.bgc,2018-07-09T17:54Z,,NEON.DOC.014048vF,HARV_033-O-6.5-31.5-20180709|HARV_033-O-8.5-15.5-20180709|HARV_033-O-21-34.5-20180709,HARV_033-O-20180709-COMP,D00000007964,OK,muffenbeck@battelleecology.org,,,20201218T085323Z,RELEASE-2021
e0609dc1-92b0-44ea-af9f-b60442b935c7,D01,HARV,HARV_033,HARV_033.basePlot.bgc,2018-07-09T18:10Z,,NEON.DOC.014048vF,HARV_033-M-8.5-15.5-20180709|HARV_033-M-6.5-31.5-20180709|HARV_033-M-21-34.5-20180709,HARV_033-M-20180709-COMP,D00000007965,OK,muffenbeck@battelleecology.org,,,20201218T085323Z,RELEASE-2021
fbc97870-280b-40fe-81e1-1a5c57216585,D01,HARV,HARV_035,HARV_035.basePlot.bgc,2018-07-09T19:47Z,,NEON.DOC.014048vK,HARV_035-O-21-4-20180709|HARV_035-O-8-24.5-20180709|HARV_035-O-38-33.5-20180709,HARV_035-O-20180709-COMP,D00000007968,OK,opiscitelli@battelleecology.org,,,20201218T085323Z,RELEASE-2021
9d1376dd-b2d5-4ae0-bd02-ae9e98a2e69a,D01,HARV,HARV_035,HARV_035.basePlot.bgc,2018-07-09T20:05Z,,NEON.DOC.014048vK,HARV_035-M-21-4-20180709|HARV_035-M-8-24.5-20180709|HARV_035-M-38-33.5-20180709,HARV_035-M-20180709-COMP,D00000007969,OK,opiscitelli@battelleecology.org,,,20201218T085323Z,RELEASE-2021
0538bf50-b384-4841-a355-95437207eee4,D01,HARV,HARV_034,HARV_034.basePlot.bgc,2018-07-10T14:01Z,,NEON.DOC.014048vK,HARV_034-O-26-6-20180710|HARV_034-O-16.5-4.5-20180710|HARV_034-O-15.5-30-20180709,HARV_034-O-20180709-COMP,D00000007966,OK,opiscitelli@battelleecology.org,,,20201218T085323Z,RELEASE-2021
67f5503f-ae79-42a5-9670-6142a88037e2,D01,HARV,HARV_034,HARV_034.basePlot.bgc,2018-07-10T14:20Z,,NEON.DOC.014048vK,HARV_034-M-16.5-4.5-20180710|HARV_034-M-26-6-20180710|HARV_034-M-15.5-30-20180709,HARV_034-M-20180709-COMP,D00000007967,OK,opiscitelli@battelleecology.org,,,20201218T085323Z,RELEASE-2021
a31c96f8-036c-4fdf-9686-fd3c7ae0cdad,D01,HARV,HARV_004,HARV_004.basePlot.bgc,2018-07-10T15:58Z,,NEON.DOC.014048vF,HARV_004-O-28.5-34-20180710|HARV_004-O-33.5-2.5-20180710|HARV_004-O-15-0.5-20180710,HARV_004-O-20180710-COMP,D00000007956,OK,muffenbeck@battelleecology.org,,,20201218T085323Z,RELEASE-2021
ec434d38-db2a-4942-a0c7-e4699f4bdcfd,D01,HARV,HARV_004,HARV_004.basePlot.bgc,2018-07-10T16:27Z,,NEON.DOC.014048vF,HARV_004-M-15-0.5-20180710|HARV_004-M-33.5-2.5-20180710|HARV_004-M-28.5-34-20180710,HARV_004-M-20180710-COMP,D00000007957,OK,muffenbeck@battelleecology.org,,,20201218T085323Z,RELEASE-2021
62695b79-dfe6-48c3-99a0-d57655fb66f5,D01,HARV,HARV_037,HARV_037.basePlot.bgc,2018-07-10T17:35Z,,NEON.DOC.014048vK,HARV_037-O-5-13.5-20180710|HARV_037-O-34-39-20180710|HARV_037-O-0-34.5-20180710,HARV_037-O-20180710-COMP,D00000007970,OK,opiscitelli@battelleecology.org,,,20201218T085323Z,RELEASE-2021
d4b4c481-2914-4cc1-8c74-b54d9e8b477d,D01,HARV,HARV_037,HARV_037.basePlot.bgc,2018-07-10T17:53Z,,NEON.DOC.014048vK,HARV_037-M-0-34.5-20180710|HARV_037-M-5-13.5-20180710|HARV_037-M-34-39-20180710,HARV_037-M-20180710-COMP,D00000007971,OK,opiscitelli@battelleecology.org,,,20201218T085323Z,RELEASE-2021
3ebff31b-5c3e-4b58-bcd9-7d792018dcd6,D01,HARV,HARV_001,HARV_001.basePlot.bgc,2018-07-10T19:59Z,,NEON.DOC.014048vF,HARV_001-O-20-3-20180710|HARV_001-O-27-32.5-20180710|HARV_001-O-7.5-15-20180710,HARV_001-O-20180710-COMP,D00000007952,OK,muffenbeck@battelleecology.org,,,20201218T085323Z,RELEASE-2021
b29d1526-2f22-453a-a481-796f9bf6b61e,D01,HARV,HARV_001,HARV_001.basePlot.bgc,2018-07-10T20:13Z,,NEON.DOC.014048vF,HARV_001-M-7.5-15-20180710|HARV_001-M-27-32.5-20180710|HARV_001-M-20-3-20180710,HARV_001-M-20180710-COMP,D00000007953,OK,muffenbeck@battelleecology.org,,,20201218T085323Z,RELEASE-2021
dc202893-6b11-4c09-8347-0a38ea195469,D01,HARV,HARV_002,HARV_002.basePlot.bgc,2018-07-11T14:37Z,,NEON.DOC.014048vK,HARV_002-O-21.5-4-20180711|HARV_002-O-1-33.5-20180711|HARV_002-O-9-4-20180711,HARV_002-O-20180711-COMP,D00000007954,OK,muffenbeck@battelleecology.org,,,20201218T085323Z,RELEASE-2021
7a3ef592-290c-4de8-aa59-c91e6637da64,D01,HARV,HARV_002,HARV_002.basePlot.bgc,2018-07-11T14:57Z,,NEON.DOC.014048vK,HARV_002-M-21.5-4-20180711|HARV_002-M-9-4-20180711|HARV_002-M-1-33.5-20180711,HARV_002-M-20180711-COMP,D00000007955,OK,muffenbeck@battelleecology.org,,,20201218T085323Z,RELEASE-2021
43e482da-5938-46d0-af0a-05af58691c5d,D01,HARV,HARV_005,HARV_005.basePlot.bgc,2018-07-11T18:06Z,,NEON.DOC.014048vK,HARV_005-O-24.5-36-20180711|HARV_005-O-11-37-20180711|HARV_005-O-7-1.5-20180711,HARV_005-O-20180711-COMP,D00000007958,OK,muffenbeck@battelleecology.org,,,20201218T085323Z,RELEASE-2021
500846c1-5350-4d26-ba57-897c40b61927,D01,HARV,HARV_005,HARV_005.basePlot.bgc,2018-07-11T18:14Z,,NEON.DOC.014048vK,HARV_005-M-11-37-20180711|HARV_005-M-24.5-36-20180711|HARV_005-M-7-1.5-20180711,HARV_005-M-20180711-COMP,D00000007959,OK,muffenbeck@battelleecology.org,,,20201218T085323Z,RELEASE-2021
25809308-e888-4237-a1fe-3970519019ed,D01,HARV,HARV_013,HARV_013.basePlot.bgc,2018-07-12T14:51Z,,NEON.DOC.014048vK,HARV_013-O-2.5-25-20180712|HARV_013-O-33-23-20180712|HARV_013-O-0-6-20180712,HARV_013-O-20180712-COMP,D00000007960,OK,scook@battelleecology.org,,,20201218T085323Z,RELEASE-2021
74c57fb7-5237-4d7c-ad91-408701a08656,D01,HARV,HARV_013,HARV_013.basePlot.bgc,2018-07-12T15:05Z,,NEON.DOC.014048vK,HARV_013-M-0-6-20180712|HARV_013-M-33-23-20180712|HARV_013-M-2.5-25-20180712,HARV_013-M-20180712-COMP,D00000007961,OK,scook@battelleecology.org,,,20201218T085323Z,RELEASE-2021
beedcbe4-d323-42ba-8cde-867b0b0d0d2c,D01,HARV,HARV_021,HARV_021.basePlot.bgc,2018-07-12T19:15Z,,NEON.DOC.014048vK,HARV_021-O-39.5-23-20180712|HARV_021-O-6.5-2-20180712|HARV_021-O-38-18.5-20180712,HARV_021-O-20180712-COMP,D00000007962,OK,scook@battelleecology.org,,,20201218T085323Z,RELEASE-2021
4bc45d25-052d-4808-83f4-f529954eaf3b,D01,HARV,HARV_021,HARV_021.basePlot.bgc,2018-07-12T19:25Z,,NEON.DOC.014048vK,HARV_021-M-38-18.5-20180712|HARV_021-M-6.5-2-20180712|HARV_021-M-39.5-23-20180712,HARV_021-M-20180712-COMP,D00000007963,OK,scook@battelleecology.org,,,20201218T085323Z,RELEASE-2021
c878576c-b7db-4a3c-93ad-b1b5c54dfdb8,D01,HARV,HARV_033,HARV_033.basePlot.bgc,2019-07-15T17:36Z,,NEON.DOC.014048vL,HARV_033-O-7.5-0.5-20190715|HARV_033-O-14-33-20190715|HARV_033-O-39.5-6.5-20190715,HARV_033-O-20190715-COMP,B00000028262,OK,,,,20201218T153427Z,RELEASE-2021
a1b6e3ce-297a-46e8-82c4-5562b88ed4bb,D01,HARV,HARV_037,HARV_037.basePlot.bgc,2019-07-15T20:05Z,,NEON.DOC.014048vL,HARV_037-O-19.5-34-20190715|HARV_037-O-29.5-33-20190715|HARV_037-O-38-15-20190715,HARV_037-O-20190715-COMP,B00000028277,OK,,,,20201218T153427Z,RELEASE-2021
71bd6ceb-c928-40e7-bd57-b9b0c5ad822d,D01,HARV,HARV_005,HARV_005.basePlot.bgc,2019-07-16T15:16Z,,NEON.DOC.014048vL,HARV_005-O-37-0.5-20190716|HARV_005-O-10-39-20190716|HARV_005-O-31.5-22-20190716,HARV_005-O-20190716-COMP,B00000028252,OK,,,,20201218T153427Z,RELEASE-2021
1a9a779e-4cda-4ef9-b827-2fcbf690a7c5,D01,HARV,HARV_002,HARV_002.basePlot.bgc,2019-07-16T17:52Z,,NEON.DOC.014048vL,HARV_002-O-9-8-20190716|HARV_002-O-21-8-20190716|HARV_002-O-39.5-39.5-20190716,HARV_002-O-20190716-COMP,B00000028245,OK,,,,20201218T153427Z,RELEASE-2021
64650d24-b803-49c7-912b-1b408a9cb429,D01,HARV,HARV_021,HARV_021.basePlot.bgc,2019-07-16T20:21Z,,NEON.DOC.014048vL,HARV_021-O-27-0.5-20190716|HARV_021-O-7-22.5-20190716|HARV_021-O-17.5-3.5-20190716,HARV_021-O-20190716-COMP,B00000028261,OK,,,,20201218T153427Z,RELEASE-2021
aa600687-d541-48b6-a3dc-0fed4ec6e4d7,D01,HARV,HARV_013,HARV_013.basePlot.bgc,2019-07-17T14:27Z,,NEON.DOC.014048vL,HARV_013-O-11.5-6.5-20190717|HARV_013-O-16-35-20190717|HARV_013-O-37.5-21.5-20190717,HARV_013-O-20190717-COMP,B00000028254,OK,,,,20201218T153427Z,RELEASE-2021
5182c49c-47c7-4f5f-b260-a80720e869f0,D01,HARV,HARV_001,HARV_001.basePlot.bgc,2019-07-17T16:41Z,,NEON.DOC.014048vL,HARV_001-O-17.5-5-20190717|HARV_001-O-24.5-7-20190717|HARV_001-O-34.5-24.5-20190717,HARV_001-O-20190717-COMP,B00000028239,OK,,,,20201218T153427Z,RELEASE-2021
19e722fd-46a1-49a5-88a9-c228bc67fba5,D01,HARV,HARV_004,HARV_004.basePlot.bgc,2019-07-18T13:55Z,,NEON.DOC.014048vL,HARV_004-O-7-23-20190718|HARV_004-O-28.5-8.5-20190718|HARV_004-O-10-5.5-20190718,HARV_004-O-20190718-COMP,B00000028246,OK,,,,20201218T153427Z,RELEASE-2021
c89eae1d-4101-45f2-a8d7-22f700af283b,D01,HARV,HARV_035,HARV_035.basePlot.bgc,2019-07-18T16:01Z,,NEON.DOC.014048vL,HARV_035-O-30.5-23.5-20190718|HARV_035-O-15-8-20190718|HARV_035-O-24.5-5-20190718,HARV_035-O-20190718-COMP,B00000028270,OK,,,,20201218T153427Z,RELEASE-2021
1c22dead-d971-4d9a-b09d-663e704d9a56,D01,HARV,HARV_034,HARV_034.basePlot.bgc,2019-07-18T18:04Z,,NEON.DOC.014048vL,HARV_034-O-32.5-3.5-20190718|HARV_034-O-16.5-8.5-20190718|HARV_034-O-23-30-20190718,HARV_034-O-20190718-COMP,B00000028266,OK,,,,20201218T153427Z,RELEASE-2021
1ea6f46c-4f27-4bac-9b15-c27a85ea496e,D01,HARV,HARV_034,HARV_034.basePlot.bgc,2020-07-13T13:41Z,HARV.peakGreenness.2020,NEON.DOC.014048vN,HARV_034-O-23.5-4.5-20200713|HARV_034-O-39.5-20.5-20200713|HARV_034-O-19-2-20200713,HARV_034-O-20200713-COMP,B00000028743,OK,0000-0003-3463-8507,,,20210504T165940Z,PROVISIONAL
e387acd6-425e-4843-bffc-268ae86dcd69,D01,HARV,HARV_013,HARV_013.basePlot.bgc,2020-07-13T14:12Z,HARV.peakGreenness.2020,NEON.DOC.014048vN,HARV_013-O-39-20.5-20200713|HARV_013-O-11-36.5-20200713|HARV_013-O-31.5-17-20200713,HARV_013-O-20200713-COMP,B00000028731,OK,0000-0002-0226-3205,,,20210504T165940Z,PROVISIONAL
6cd57277-872f-44a6-940a-fe475566b514,D01,HARV,HARV_037,HARV_037.basePlot.bgc,2020-07-13T15:07Z,HARV.peakGreenness.2020,NEON.DOC.014048vN,HARV_037-O-19-33.5-20200713|HARV_037-O-31-26.5-20200713|HARV_037-O-38-3-20200713,HARV_037-O-20200713-COMP,B00000028751,OK,0000-0003-3463-8507,,,20210504T165940Z,PROVISIONAL
81a036bc-a2c0-46c3-8edd-98399fdd1c47,D01,HARV,HARV_001,HARV_001.basePlot.bgc,2020-07-13T16:01Z,HARV.peakGreenness.2020,NEON.DOC.014048vN,HARV_001-O-2-12.5-20200713|HARV_001-O-38.5-38.5-20200713|HARV_001-O-29-9-20200713,HARV_001-O-20200713-COMP,B00000028715,OK,0000-0002-0226-3205,,,20210504T165940Z,PROVISIONAL
31f365b8-be24-4b45-88dc-c89ef520f382,D01,HARV,HARV_004,HARV_004.basePlot.bgc,2020-07-13T17:58Z,HARV.peakGreenness.2020,NEON.DOC.014048vN,HARV_004-O-11-6-20200713|HARV_004-O-31-34.5-20200713|HARV_004-O-20.5-2-20200713,HARV_004-O-20200713-COMP,B00000028723,OK,0000-0002-0226-3205,,,20210504T165940Z,PROVISIONAL
15992b73-4727-4789-83ee-ac864a74a6f8,D01,HARV,HARV_021,HARV_021.basePlot.bgc,2020-07-14T15:28Z,HARV.peakGreenness.2020,NEON.DOC.014048vN,HARV_021-O-33-12-20200714|HARV_021-O-16-0-20200714|HARV_021-O-35.5-28.5-20200714,HARV_021-O-20200714-COMP,B00000028732,OK,0000-0002-7459-3860,,,20210504T165940Z,PROVISIONAL
47441c0f-9451-4603-a302-bc08a1af3a43,D01,HARV,HARV_035,HARV_035.basePlot.bgc,2020-07-15T13:57Z,HARV.peakGreenness.2020,NEON.DOC.014048vN,HARV_035-O-37-9.5-20200715|HARV_035-O-14-1.5-20200715|HARV_035-O-37-23-20200715,HARV_035-O-20200715-COMP,B00000028747,OK,0000-0002-6931-9699,,,20210504T165940Z,PROVISIONAL
2e9b762e-0e4a-42aa-a4fd-557843b3ee1d,D01,HARV,HARV_033,HARV_033.basePlot.bgc,2020-07-15T15:56Z,HARV.peakGreenness.2020,NEON.DOC.014048vN,HARV_033-O-24-8.5-20200715|HARV_033-O-4.5-24.5-20200715|HARV_033-O-35-20.5-20200715,HARV_033-O-20200715-COMP,B00000028739,OK,0000-0002-6931-9699,,,20210504T165940Z,PROVISIONAL
b4045272-7a81-4684-84a1-7b9da956a041,D01,HARV,HARV_002,HARV_002.basePlot.bgc,2020-07-15T18:25Z,HARV.peakGreenness.2020,NEON.DOC.014048vN,HARV_002-O-30.5-32-20200715|HARV_002-O-29.5-0.5-20200715|HARV_002-O-11.5-9-20200715,HARV_002-O-20200715-COMP,B00000028716,OK,0000-0002-6931-9699,,,20210504T165940Z,PROVISIONAL
1fc7b441-fa2a-4b87-9756-e6d8a53f4dd3,D01,HARV,HARV_005,HARV_005.basePlot.bgc,2020-07-16T19:49Z,HARV.peakGreenness.2020,NEON.DOC.014048vN,HARV_005-O-38.5-2-20200716|HARV_005-O-27-34-20200716|HARV_005-O-13-6-20200716,HARV_005-O-20200716-COMP,B00000028727,OK,"",,,20210504T165940Z,PROVISIONAL
ce251fca-5ab0-41bb-a1ae-03beeff47b87,D01,HARV,HARV_035,HARV_035.basePlot.bgc,2021-07-05T15:13Z,HARV.peakGreenness.2021,NEON.DOC.014048vN,HARV_035-O-36.5-24.5-20210705|HARV_035-O-6.5-26-20210705|HARV_035-O-7.5-16-20210705,HARV_035-O-20210705-COMP,B00000068193,OK,0000-0002-9520-4182,,,20211102T184322Z,PROVISIONAL
1e03b1a0-632b-49e0-a0c2-a4c39b857595,D01,HARV,HARV_033,HARV_033.basePlot.bgc,2021-07-05T17:43Z,HARV.peakGreenness.2021,NEON.DOC.014048vN,HARV_033-O-3-10.5-20210705|HARV_033-O-38.5-0.5-20210705|HARV_033-O-37-31-20210705,HARV_033-O-20210705-COMP,B00000068192,OK,0000-0002-9520-4182,,,20211102T184322Z,PROVISIONAL
2aa85fa2-452f-4968-b1a0-f7e8251e6d5e,D01,HARV,HARV_034,HARV_034.basePlot.bgc,2021-07-06T13:42Z,HARV.peakGreenness.2021,NEON.DOC.014048vN,HARV_034-O-33-36.5-20210706|HARV_034-O-35-11-20210705|HARV_034-O-2-35-20210705,HARV_034-O-20210705-COMP,B00000068194,OK,0000-0002-9520-4182,,,20211102T184322Z,PROVISIONAL
b5d25259-71b7-4cd9-a02c-451e9c03d30b,D01,HARV,HARV_037,HARV_037.basePlot.bgc,2021-07-06T16:04Z,HARV.peakGreenness.2021,NEON.DOC.014048vN,HARV_037-O-6-12-20210706|HARV_037-O-26-35.5-20210706|HARV_037-O-1-35.5-20210706,HARV_037-O-20210706-COMP,B00000068195,OK,0000-0002-9520-4182,,,20211102T184322Z,PROVISIONAL
718ca794-5dbe-49ca-84f5-eeb31fc7b50c,D01,HARV,HARV_004,HARV_004.basePlot.bgc,2021-07-06T19:28Z,HARV.peakGreenness.2021,NEON.DOC.014048vN,HARV_004-O-5.5-33.5-20210706|HARV_004-O-28-4.5-20210706|HARV_004-O-16.5-4.5-20210706,HARV_004-O-20210706-COMP,B00000068197,OK,0000-0002-9520-4182,,,20211102T184322Z,PROVISIONAL
6faea56c-ecbd-48e8-a5e2-3bdb2b21e336,D01,HARV,HARV_013,HARV_013.basePlot.bgc,2021-07-07T14:33Z,HARV.peakGreenness.2021,NEON.DOC.014048vN,HARV_013-O-36-29.5-20210707|HARV_013-O-9-26.5-20210707|HARV_013-O-5-2-20210707,HARV_013-O-20210707-COMP,B00000068191,OK,0000-0002-9520-4182,,,20211102T184322Z,PROVISIONAL
bf93bf9c-be34-4786-9c3d-133405483eef,D01,HARV,HARV_001,HARV_001.basePlot.bgc,2021-07-07T16:47Z,HARV.peakGreenness.2021,NEON.DOC.014048vN,HARV_001-O-33-39.5-20210707|HARV_001-O-8.5-18.5-20210707|HARV_001-O-6-38-20210707,HARV_001-O-20210707-COMP,B00000068200,OK,0000-0002-9520-4182,,,20211102T184322Z,PROVISIONAL
4207341b-d299-4e28-8767-3dfbb4a3416a,D01,HARV,HARV_005,HARV_005.basePlot.bgc,2021-07-08T13:37Z,HARV.peakGreenness.2021,NEON.DOC.014048vN,HARV_005-O-32.5-27.5-20210708|HARV_005-O-8-10-20210708|HARV_005-O-8.5-38-20210708,HARV_005-O-20210708-COMP,B00000068198,OK,0000-0002-9022-4475,,,20211102T184322Z,PROVISIONAL
a5428a83-863b-4e32-b191-15750579cf7b,D01,HARV,HARV_002,HARV_002.basePlot.bgc,2021-07-08T15:45Z,HARV.peakGreenness.2021,NEON.DOC.014048vN,HARV_002-O-37-35-20210708|HARV_002-O-3-34-20210708|HARV_002-O-0.5-7-20210708,HARV_002-O-20210708-COMP,B00000068199,OK,0000-0002-9022-4475,,,20211102T184322Z,PROVISIONAL
ef2dde83-e1cd-4719-969c-667e19fa1912,D01,HARV,HARV_021,HARV_021.basePlot.bgc,2021-07-08T18:08Z,HARV.peakGreenness.2021,NEON.DOC.014048vN,HARV_021-O-33.5-17-20210708|HARV_021-O-12.5-3.5-20210708|HARV_021-O-20.5-31-20210708,HARV_021-O-20210708-COMP,B00000068196,OK,0000-0002-9022-4475,,,20211102T184322Z,PROVISIONAL
27f18bcd-03d0-4d10-b09c-d3f83189b120,D02,SERC,SERC_049,SERC_049.basePlot.bgc,2016-08-09T13:20Z,,NEON.DOC.014048vF,SERC_049-O-37-13-20160809,SERC_049-O-20160809-COMP,,OK,tspindler@field-ops.org,,,20201217T165802Z,RELEASE-2021
d1ab432b-64c5-44a3-ad17-48cb0b6b3b68,D02,SERC,SERC_049,SERC_049.basePlot.bgc,2016-08-09T14:30Z,,NEON.DOC.014048vF,SERC_049-M-28-37.5-20160809|SERC_049-M-37-13-20160809|SERC_049-M-17.5-31-20160809,SERC_049-M-20160809-COMP,,OK,tspindler@field-ops.org,,,20201217T165802Z,RELEASE-2021
3a27db01-b489-46aa-8c6b-30f933a4a5fd,D02,SERC,SERC_047,SERC_047.basePlot.bgc,2016-08-09T15:10Z,,NEON.DOC.014048vF,SERC_047-O-6-21-20160809,SERC_047-O-20160809-COMP,,OK,tspindler@field-ops.org,,,20201217T165802Z,RELEASE-2021
06eafef1-d85a-4f8b-9806-9f70d73ba9fa,D02,SERC,SERC_047,SERC_047.basePlot.bgc,2016-08-09T16:10Z,,NEON.DOC.014048vF,SERC_047-M-14.5-12.5-20160809|SERC_047-M-30-26.5-20160809,SERC_047-M-20160809-COMP,,OK,tspindler@field-ops.org,,,20201217T165802Z,RELEASE-2021
8576b23c-67ce-4a3e-97bf-8c865a6a576c,D02,SERC,SERC_007,SERC_007.basePlot.bgc,2016-08-09T19:21Z,,NEON.DOC.014048vF,SERC_007-M-38.5-20-20160809|SERC_007-M-13.5-36.5-20160809|SERC_007-M-19-2.5-20160809,SERC_007-M-20160809-COMP,,OK,tspindler@field-ops.org,,,20201217T165802Z,RELEASE-2021
2ec7da7a-a032-4bd5-85a1-ef9ed74989f9,D02,SERC,SERC_005,SERC_005.basePlot.bgc,2016-08-10T11:45Z,,NEON.DOC.014048vF,SERC_005-M-1-4-20160810,SERC_005-M-20160810-COMP,,OK,tspindler@field-ops.org,,,20201217T165802Z,RELEASE-2021
b8dd16f4-406c-4cab-b3a1-a48914a775a6,D02,SERC,SERC_005,SERC_005.basePlot.bgc,2016-08-10T12:50Z,,NEON.DOC.014048vF,SERC_005-O-36.5-17.5-20160810|SERC_005-O-34.5-20.5-20160810,SERC_005-O-20160810-COMP,,OK,tspindler@field-ops.org,,,20201217T165802Z,RELEASE-2021
c0a2f757-642b-4758-a08d-5fbc1eb0e6d4,D02,SERC,SERC_044,SERC_044.basePlot.bgc,2016-08-10T15:20Z,,NEON.DOC.014048vF,SERC_044-O-0-31-20160810|SERC_044-O-24.5-31.5-20160810|SERC_044-O-28.5-4.5-20160810,SERC_044-O-20160810-COMP,,OK,tspindler@field-ops.org,,,20201217T165802Z,RELEASE-2021
7bd1a5fc-f3b6-40be-b97c-4976533d99cb,D02,SERC,SERC_045,SERC_045.basePlot.bgc,2016-08-10T19:38Z,,NEON.DOC.014048vF,SERC_045-M-31-20.5-20160810|SERC_045-M-33.5-6-20160810,SERC_045-M-20160810-COMP,,OK,tspindler@field-ops.org,,,20201217T165802Z,RELEASE-2021
dc03d737-cf06-4599-9750-a9cb150bb883,D02,SERC,SERC_045,SERC_045.basePlot.bgc,2016-08-10T19:57Z,,NEON.DOC.014048vF,SERC_045-O-5-27-20160810,SERC_045-O-20160810-COMP,,OK,tspindler@field-ops.org,,,20201217T165802Z,RELEASE-2021
fcdbcd34-dc38-4fe9-b66e-ed9df60947bc,D02,SERC,SERC_001,SERC_001.basePlot.bgc,2016-08-11T12:46Z,,NEON.DOC.014048vF,SERC_001-M-0.5-20-20160811,SERC_001-M-20160811-COMP,,OK,tspindler@field-ops.org,,,20201217T165802Z,RELEASE-2021
21acf5b3-aa7c-4ccf-a5d9-abbc63273c1e,D02,SERC,SERC_001,SERC_001.basePlot.bgc,2016-08-11T13:31Z,,NEON.DOC.014048vF,SERC_001-O-32.5-29-20160811|SERC_001-O-37.5-8-20160811,SERC_001-O-20160811-COMP,,OK,tspindler@field-ops.org,,,20201217T165802Z,RELEASE-2021
ebfb02c4-f67b-4610-97db-0eff9dad49c1,D02,SERC,SERC_004,SERC_004.basePlot.bgc,2016-08-11T15:59Z,,NEON.DOC.014048vF,SERC_004-M-38-3.5-20160811|SERC_004-M-8-36-20160811,SERC_004-M-20160811-COMP,,OK,tspindler@field-ops.org,,,20201217T165802Z,RELEASE-2021
228f4818-7033-4e1b-bb51-00cf14e95192,D02,SERC,SERC_004,SERC_004.basePlot.bgc,2016-08-11T15:35Z,,NEON.DOC.014048vF,SERC_004-O-34.5-24-20160811,SERC_004-O-20160811-COMP,,OK,tspindler@field-ops.org,,,20201217T165802Z,RELEASE-2021
c5bbf74d-ce69-4ee4-9ae1-0799a67e0102,D02,SERC,SERC_003,SERC_003.basePlot.bgc,2016-08-11T18:01Z,,NEON.DOC.014048vF,SERC_003-O-14.5-38.5-20160811|SERC_003-O-31-18.5-20160811,SERC_003-O-20160811-COMP,,OK,tspindler@field-ops.org,,,20201217T165802Z,RELEASE-2021
e17c7f97-9a9d-4675-831b-dfc0fa931e2f,D02,SERC,SERC_003,SERC_003.basePlot.bgc,2016-08-11T17:43Z,,NEON.DOC.014048vF,SERC_003-M-35-24-20160811,SERC_003-M-20160811-COMP,,OK,tspindler@field-ops.org,,,20201217T165802Z,RELEASE-2021
76b78ae8-58bb-4fd4-be69-3737654504c9,D02,SERC,SERC_002,SERC_002.basePlot.bgc,2016-08-12T13:37Z,,NEON.DOC.014048vF,SERC_002-O-30.5-22.5-20160812|SERC_002-O-1.5-20.5-20160812|SERC_002-O-8.5-10.5-20160812,SERC_002-O-20160812-COMP,,OK,tspindler@field-ops.org,,,20201217T165802Z,RELEASE-2021
a689e8c0-c784-4c56-b1bf-f8581f92d439,D02,SERC,SERC_007,SERC_007.basePlot.bgc,2017-07-10T17:40Z,,NEON.DOC.014048vJ,SERC_007-M-33-37-20170710|SERC_007-M-4-23-20170710|SERC_007-M-29-0.5-20170710,SERC_007-M-20170710-COMP,,OK,dsoteropoulos@neoninc.org,,,20201217T203751Z,RELEASE-2021
8ff5301d-78c5-4975-9afc-044e94a388d5,D02,SERC,SERC_001,SERC_001.basePlot.bgc,2017-07-10T19:17Z,,NEON.DOC.014048vJ,SERC_001-M-31-0.5-20170710|SERC_001-M-23-32.5-20170710|SERC_001-M-5.5-19-20170710,SERC_001-M-20170710-COMP,,OK,jward@battelleecology.org,,,20201217T203751Z,RELEASE-2021
edca60ca-51cb-413e-8612-70b05428a73a,D02,SERC,SERC_004,SERC_004.basePlot.bgc,2017-07-10T21:20Z,,NEON.DOC.014048vJ,SERC_004-M-0-32-20170710|SERC_004-M-37-21.5-20170710|SERC_004-M-32-19.5-20170710,SERC_004-M-20170710-COMP,,OK,dsoteropoulos@neoninc.org,,,20201217T203751Z,RELEASE-2021
b18d8ff0-d301-4e32-a4b7-892130536d0c,D02,SERC,SERC_045,SERC_045.basePlot.bgc,2017-07-11T12:51Z,,NEON.DOC.014048vJ,SERC_045-M-15.5-5.5-20170711|SERC_045-M-21-39.5-20170711|SERC_045-M-31.5-8-20170711,SERC_045-M-20170711-COMP,,OK,jward@battelleecology.org,,,20201217T203751Z,RELEASE-2021
5bd962e1-2d8d-4a4a-a9cf-e958f52b73fd,D02,SERC,SERC_049,SERC_049.basePlot.bgc,2017-07-11T14:43Z,,NEON.DOC.014048vJ,SERC_049-M-33-3.5-20170711|SERC_049-M-16.5-0-20170711|SERC_049-M-33-25-20170711,SERC_049-M-20170711-COMP,,OK,dsoteropoulos@neoninc.org,,,20201217T203751Z,RELEASE-2021
49538748-8058-4f7f-961c-0cfa2ec97f2a,D02,SERC,SERC_047,SERC_047.basePlot.bgc,2017-07-11T15:59Z,,NEON.DOC.014048vJ,SERC_047-M-33-17-20170711|SERC_047-M-33.5-28-20170711|SERC_047-M-3-26.5-20170711,SERC_047-M-20170711-COMP,,OK,jward@battelleecology.org,,,20201217T203751Z,RELEASE-2021
0d6f03c7-aca1-46fd-adb0-34c643c76e3d,D02,SERC,SERC_044,SERC_044.basePlot.bgc,2017-07-11T18:32Z,,NEON.DOC.014048vJ,SERC_044-M-28.5-31.5-20170711|SERC_044-M-20-9-20170711|SERC_044-M-13-0-20170711,SERC_044-M-20170711-COMP,,OK,dsoteropoulos@neoninc.org,,,20201217T203751Z,RELEASE-2021
86455dce-ef1c-4406-98e2-57d3c299c26f,D02,SERC,SERC_005,SERC_005.basePlot.bgc,2017-07-11T20:17Z,,NEON.DOC.014048vJ,SERC_005-M-7.5-20.5-20170711|SERC_005-M-22-0.5-20170711|SERC_005-M-35-31.5-20170711,SERC_005-M-20170711-COMP,,OK,dsoteropoulos@neoninc.org,,,20201217T203751Z,RELEASE-2021
574742f3-b9af-4c55-bb6e-2b15e935d8c6,D02,SERC,SERC_003,SERC_003.basePlot.bgc,2017-07-11T21:55Z,,NEON.DOC.014048vJ,SERC_003-M-7-18.5-20170711|SERC_003-M-28.5-2.5-20170711|SERC_003-M-36-38.5-20170711,SERC_003-M-20170711-COMP,,OK,dsoteropoulos@neoninc.org,,,20201217T203751Z,RELEASE-2021
79b376fc-5741-4da9-b921-1a69e88da4b1,D02,SERC,SERC_002,SERC_002.basePlot.bgc,2017-07-12T12:39Z,,NEON.DOC.014048vJ,SERC_002-M-34-2-20170712|SERC_002-M-6-31-20170712|SERC_002-M-32-20-20170712,SERC_002-M-20170712-COMP,,OK,dsoteropoulos@neoninc.org,,,20201217T203751Z,RELEASE-2021
9604a01c-07a4-4a0b-92e6-382aafa93de5,D02,SERC,SERC_005,SERC_005.basePlot.bgc,2021-07-06T16:43Z,SERC.peakGreenness.2021,NEON.DOC.014048vN,SERC_005-M-7-2-20210706|SERC_005-M-33.5-32-20210706|SERC_005-M-32.5-0-20210706,SERC_005-M-20210706-COMP,B00000052733,OK,0000-0001-5623-6512,,,20211102T182412Z,PROVISIONAL
43186716-8a65-4e28-8e5e-55d4738a3569,D02,SERC,SERC_047,SERC_047.basePlot.bgc,2021-07-06T16:15Z,SERC.peakGreenness.2021,NEON.DOC.014048vN,SERC_047-M-31-19.5-20210706|SERC_047-M-17.5-30-20210706|SERC_047-M-26.5-35-20210706,SERC_047-M-20210706-COMP,B00000052729,OK,0000-0001-7914-5891,,,20211102T182412Z,PROVISIONAL
838c9e87-9668-4651-a7fb-bf59ecff3ebb,D02,SERC,SERC_001,SERC_001.basePlot.bgc,2021-07-06T15:50Z,SERC.peakGreenness.2021,NEON.DOC.014048vN,SERC_001-M-25-9-20210706,SERC_001-M-20210706-COMP,B00000052704,OK,0000-0001-7914-5891,,,20211102T182412Z,PROVISIONAL
758325e5-755c-48f6-b949-c1984215cc32,D02,SERC,SERC_049,SERC_049.basePlot.bgc,2021-07-06T18:17Z,SERC.peakGreenness.2021,NEON.DOC.014048vN,SERC_049-M-20-3-20210706|SERC_049-M-3-29.5-20210706|SERC_049-M-31.5-21-20210706,SERC_049-M-20210706-COMP,B00000052737,OK,0000-0001-7914-5891,,,20211102T182412Z,PROVISIONAL
ac99ab78-aaf0-4e33-a34a-cbbb1d697f90,D02,SERC,SERC_003,SERC_003.basePlot.bgc,2021-07-06T18:45Z,SERC.peakGreenness.2021,NEON.DOC.014048vN,SERC_003-M-16-4.5-20210706|SERC_003-M-35.5-1-20210706|SERC_003-M-6.5-35.5-20210706,SERC_003-M-20210706-COMP,B00000052715,OK,0000-0001-5623-6512,,,20211102T182412Z,PROVISIONAL
e8287727-9245-4989-860d-a82cab0dca5e,D02,SERC,SERC_007,SERC_007.basePlot.bgc,2021-07-06T18:29Z,SERC.peakGreenness.2021,NEON.DOC.014048vN,SERC_007-M-4-36-20210706|SERC_007-M-7.5-6.5-20210706|SERC_007-M-34-19.5-20210706,SERC_007-M-20210706-COMP,B00000052706,OK,0000-0001-7914-5891,,,20211102T182412Z,PROVISIONAL
a8363008-5875-444d-b43d-a1f17b4f7830,D02,SERC,SERC_004,SERC_004.basePlot.bgc,2021-07-07T13:53Z,SERC.peakGreenness.2021,NEON.DOC.014048vN,SERC_004-M-8.5-13-20210707|SERC_004-M-22.5-31-20210707|SERC_004-M-5-21-20210707,SERC_004-M-20210707-COMP,B00000052724,OK,0000-0001-5623-6512,,,20211102T182412Z,PROVISIONAL
e530d4d6-b6bf-42e0-8ae0-be8726a04cde,D02,SERC,SERC_002,SERC_002.basePlot.bgc,2021-07-07T13:58Z,SERC.peakGreenness.2021,NEON.DOC.014048vN,SERC_002-M-23.5-38.5-20210707|SERC_002-M-4-6.5-20210707|SERC_002-M-39-16-20210707,SERC_002-M-20210707-COMP,B00000052707,OK,0000-0001-9356-3117,,,20211102T182412Z,PROVISIONAL
091fca8f-d001-47a3-904d-d80526d0b0cc,D02,SERC,SERC_044,SERC_044.basePlot.bgc,2021-07-07T16:06Z,SERC.peakGreenness.2021,NEON.DOC.014048vN,SERC_044-M-10.5-31-20210707|SERC_044-M-29.5-1.5-20210707|SERC_044-M-7-14-20210707,SERC_044-M-20210707-COMP,B00000052717,OK,0000-0001-8122-5196,,,20211102T182412Z,PROVISIONAL
3a77f833-eee0-4f5b-a394-03b3f7c527d9,D02,SERC,SERC_045,SERC_045.basePlot.bgc,2021-07-07T16:24Z,SERC.peakGreenness.2021,NEON.DOC.014048vN,SERC_045-M-3-26-20210707|SERC_045-M-28-2-20210707|SERC_045-M-0-0.5-20210707,SERC_045-M-20210707-COMP,B00000052725,OK,0000-0001-5623-6512,,,20211102T182412Z,PROVISIONAL
697d7d56-48b8-4271-9738-f9fa4f0b6a29,D05,TREE,TREE_001,TREE_001.basePlot.bgc,2016-07-18T19:44Z,,NEON.DOC.014048vF,TREE_001-M-3-32.5-20160718|TREE_001-M-33-14.5-20160718,TREE_001-M-20160718-COMP,,OK,ckipp@field-ops.org,,,20201217T170242Z,RELEASE-2021
05d6c66f-03b1-454e-9957-7dbcfd31e46d,D05,TREE,TREE_001,TREE_001.basePlot.bgc,2016-07-18T19:32Z,,NEON.DOC.014048vF,TREE_001-O-39-37-20160718,TREE_001-O-20160718-COMP,,OK,ckipp@field-ops.org,,,20201217T170242Z,RELEASE-2021
0483f45d-3069-48a2-aa4e-09a649a8f107,D05,TREE,TREE_014,TREE_014.basePlot.bgc,2016-07-18T20:32Z,,NEON.DOC.014048vF,TREE_014-M-26.5-5-20160718|TREE_014-M-16-3-20160718,TREE_014-M-20160718-COMP,,OK,aspink@neoninc.org,,,20201217T170242Z,RELEASE-2021
34aefaac-218d-4576-b39b-86f7841f8278,D05,TREE,TREE_014,TREE_014.basePlot.bgc,2016-07-18T20:46Z,,NEON.DOC.014048vF,TREE_014-O-30.5-34.5-20160718,TREE_014-O-20160718-COMP,,OK,aspink@neoninc.org,,,20201217T170242Z,RELEASE-2021
ac3b4b63-72c3-471c-a0b4-5cfb1a276149,D05,TREE,TREE_003,TREE_003.basePlot.bgc,2016-07-19T15:09Z,,NEON.DOC.014048vF,TREE_003-M-2-18.5-20160719|TREE_003-M-37-25-20160719|TREE_003-M-38-2-20160719,TREE_003-M-20160719-COMP,,OK,shoffman@field-ops.org,,,20201217T170242Z,RELEASE-2021
fabd6483-8a8b-4d6e-96eb-478977c584ec,D05,TREE,TREE_015,TREE_015.basePlot.bgc,2016-07-19T14:48Z,,NEON.DOC.014048vF,TREE_015-O-24-8-20160719,TREE_015-O-20160719-COMP,,OK,aspink@neoninc.org,,,20201217T170242Z,RELEASE-2021
e435eb33-34ef-4b51-8d03-c1ab1218770d,D05,TREE,TREE_015,TREE_015.basePlot.bgc,2016-07-19T15:28Z,,NEON.DOC.014048vF,TREE_015-M-2-16-20160719|TREE_015-M-1-24.5-20160719,TREE_015-M-20160719-COMP,,OK,aspink@neoninc.org,,,20201217T170242Z,RELEASE-2021
e23591b8-1a60-4ba1-a2b1-4d272dd824bc,D05,TREE,TREE_049,TREE_049.basePlot.bgc,2016-07-19T16:48Z,,NEON.DOC.014048vF,TREE_049-M-38.5-28-20160719|TREE_049-M-1.5-13.5-20160719|TREE_049-M-32.5-6-20160719,TREE_049-M-20160719-COMP,,OK,ckipp@field-ops.org,,,20201217T170242Z,RELEASE-2021
97c49587-4cdb-4a75-942b-d895138ac2f9,D05,TREE,TREE_006,TREE_006.basePlot.bgc,2016-07-19T17:03Z,,NEON.DOC.014048vF,TREE_006-M-23.5-0.5-20160719|TREE_006-M-9-33-20160719|TREE_006-M-38-22.5-20160719,TREE_006-M-20160719-COMP,,OK,ksmith@field-ops.org,,,20201217T170242Z,RELEASE-2021
3211df03-5a30-4e7b-8ceb-afd41cae1a95,D05,TREE,TREE_046,TREE_046.basePlot.bgc,2016-07-19T18:25Z,,NEON.DOC.014048vF,TREE_046-M-17-7-20160719|TREE_046-M-7-25-20160719|TREE_046-M-39-8-20160719,TREE_046-M-20160719-COMP,,OK,shoffman@field-ops.org,,,20201217T170242Z,RELEASE-2021
385f0a76-2bc0-4504-af37-9741af1daef2,D05,TREE,TREE_007,TREE_007.basePlot.bgc,2016-07-19T18:32Z,,NEON.DOC.014048vF,TREE_007-M-17.5-37-20160719|TREE_007-M-24-8.5-20160719|TREE_007-M-1.5-12-20160719,TREE_007-M-20160719-COMP,,OK,aspink@neoninc.org,,,20201217T170242Z,RELEASE-2021
01211fdd-c614-442e-a826-857fd94e38bf,D05,TREE,TREE_041,TREE_041.basePlot.bgc,2016-07-19T19:53Z,,NEON.DOC.014048vF,TREE_041-M-3-7-20160719|TREE_041-M-32-37-20160719|TREE_041-M-6-30-20160719,TREE_041-M-20160719-COMP,,OK,ckipp@field-ops.org,,,20201217T170242Z,RELEASE-2021
ab4bdfe7-e375-40a8-a928-73c1f42fd250,D05,TREE,TREE_050,TREE_050.basePlot.bgc,2016-07-19T20:10Z,,NEON.DOC.014048vF,TREE_050-M-23-7-20160719|TREE_050-M-7-31-20160719|TREE_050-M-37.5-37-20160719,TREE_050-M-20160719-COMP,,OK,ksmith@field-ops.org,,,20201217T170242Z,RELEASE-2021
d27b0276-0ac8-4afb-8a08-7c8bf6741f93,D05,TREE,TREE_001,TREE_001.basePlot.bgc,2017-07-07T15:55Z,,NEON.DOC.014048vJ,TREE_001-O-38-33.5-20170707|TREE_001-O-7.5-24-20170707|TREE_001-O-37-8.5-20170707,TREE_001-O-20170707-COMP,,OK,COneil@battelleecology.org,,,20201217T224754Z,RELEASE-2021
76e86331-c307-4180-accc-27eda17e8f90,D05,TREE,TREE_004,TREE_004.basePlot.bgc,2017-07-07T16:37Z,,NEON.DOC.014048vJ,TREE_004-O-31.5-0-20170707|TREE_004-O-2-16-20170707|TREE_004-O-1-24.5-20170707,TREE_004-O-20170707-COMP,,OK,cwojan@battelleecology.org,,,20201217T224754Z,RELEASE-2021
f134175c-3493-4846-82d9-99c14389b167,D05,TREE,TREE_014,TREE_014.basePlot.bgc,2017-07-07T17:35Z,,NEON.DOC.014048vJ,TREE_014-M-31-39-20170707|TREE_014-M-11-34.5-20170707|TREE_014-M-33.5-10-20170707,TREE_014-M-20170707-COMP,,OK,COneil@battelleecology.org,,,20201217T224754Z,RELEASE-2021
ebdd7333-7a2e-4f78-8dd7-ee601b58648c,D05,TREE,TREE_002,TREE_002.basePlot.bgc,2017-07-07T18:50Z,,NEON.DOC.014048vJ,TREE_002-O-7-38-20170707|TREE_002-O-7.5-10-20170707|TREE_002-O-39-15.5-20170707,TREE_002-O-20170707-COMP,,OK,shoffman@field-ops.org,,,20201217T224754Z,RELEASE-2021
fc58e150-3dd8-4d3f-af6a-ab659cd27efe,D05,TREE,TREE_003,TREE_003.basePlot.bgc,2017-07-07T19:38Z,,NEON.DOC.014048vJ,TREE_003-M-17.5-39-20170707|TREE_003-M-35.5-18-20170707|TREE_003-M-32-23-20170707,TREE_003-M-20170707-COMP,,OK,COneil@battelleecology.org,,,20201217T224754Z,RELEASE-2021
d0e52b1e-3c22-4af2-bdc3-665a9216d68e,D05,TREE,TREE_006,TREE_006.basePlot.bgc,2017-07-10T16:17Z,,NEON.DOC.014048vJ,TREE_006-M-35.5-10-20170710|TREE_006-M-32-38-20170710|TREE_006-M-7-7.5-20170707,TREE_006-M-20170707-COMP,,OK,cwojan@battelleecology.org,,,20201217T224754Z,RELEASE-2021
5608aca3-25ce-4c9f-88bb-9387b6847191,D05,TREE,TREE_049,TREE_049.basePlot.bgc,2017-07-10T16:25Z,,NEON.DOC.014048vJ,TREE_049-M-36.5-16.5-20170710|TREE_049-M-1-15.5-20170710|TREE_049-M-0-26-20170710,TREE_049-M-20170710-COMP,,OK,aspink@neoninc.org,,,20201217T224754Z,RELEASE-2021
95dfe40d-cc01-4bc6-85b2-959044fa01d2,D05,TREE,TREE_046,TREE_046.basePlot.bgc,2017-07-10T18:15Z,,NEON.DOC.014048vJ,TREE_046-M-1-24-20170710|TREE_046-M-35.5-22-20170710|TREE_046-M-19-2.5-20170710,TREE_046-M-20170710-COMP,,OK,aspink@neoninc.org,,,20201217T224754Z,RELEASE-2021
f59df7bc-cbbe-45ed-bd6c-13a24fe53152,D05,TREE,TREE_041,TREE_041.basePlot.bgc,2017-07-10T18:25Z,,NEON.DOC.014048vJ,TREE_041-M-31-19-20170710|TREE_041-M-7-16.5-20170710|TREE_041-M-34-22.5-20170710,TREE_041-M-20170710-COMP,,OK,jpyatt@neoninc.org,,,20201217T224754Z,RELEASE-2021
99315dd2-3ce2-4e05-90d7-51f9066e80df,D05,TREE,TREE_050,TREE_050.basePlot.bgc,2017-07-10T19:18Z,,NEON.DOC.014048vJ,TREE_050-M-12.5-7-20170710|TREE_050-M-21.5-5-20170710|TREE_050-M-4.5-28.5-20170710,TREE_050-M-20170710-COMP,,OK,aspink@neoninc.org,,,20201217T224754Z,RELEASE-2021
9a4e49fb-1b24-42ab-9e11-bbd0f16da73b,D05,TREE,TREE_046,TREE_046.basePlot.bgc,2020-07-06T19:12Z,TREE.peakGreenness.2020,NEON.DOC.014048vN,TREE_046-M-36.5-31.5-20200706|TREE_046-M-19-0.5-20200706|TREE_046-M-22-0-20200706,TREE_046-M-20200706-COMP,B00000062221,OK,0000-0003-1933-0416,,,20210504T180657Z,PROVISIONAL
6d459ace-7fd3-4fb9-98ba-34d68895cdc0,D05,TREE,TREE_002,TREE_002.basePlot.bgc,2020-07-06T19:47Z,TREE.peakGreenness.2020,NEON.DOC.014048vN,TREE_002-O-38.5-1-20200706|TREE_002-O-7-24-20200706|TREE_002-O-9-11.5-20200706,TREE_002-O-20200706-COMP,B00000062138,OK,0000-0002-6609-5941,,,20210504T180657Z,PROVISIONAL
37addd35-8af4-4e4e-a23d-342cee9a1395,D05,TREE,TREE_002,TREE_002.basePlot.bgc,2020-07-06T19:51Z,TREE.peakGreenness.2020,NEON.DOC.014048vN,TREE_002-M-9-11.5-20200706|TREE_002-M-7-24-20200706,TREE_002-M-20200706-COMP,B00000062137,OK,0000-0002-6609-5941,,,20210504T180657Z,PROVISIONAL
d83afaf8-f4d8-40ef-b3be-a6a193f241a8,D05,TREE,TREE_004,TREE_004.basePlot.bgc,2020-07-08T16:17Z,TREE.peakGreenness.2020,NEON.DOC.014048vN,TREE_004-O-32-24.5-20200708|TREE_004-O-9.5-20-20200708|TREE_004-O-38-11.5-20200708,TREE_004-O-20200708-COMP,B00000062160,OK,0000-0002-6609-5941,,,20210504T180657Z,PROVISIONAL
ad0dc057-1d75-4f44-9408-179be541dcbd,D05,TREE,TREE_041,TREE_041.basePlot.bgc,2020-07-08T16:42Z,TREE.peakGreenness.2020,NEON.DOC.014048vN,TREE_041-M-33.5-34.5-20200708|TREE_041-M-4.5-26.5-20200708|TREE_041-M-4-4-20200708,TREE_041-M-20200708-COMP,B00000062202,OK,0000-0002-6609-5941,,,20210504T180657Z,PROVISIONAL
07bc3437-cf35-4da8-9cff-12d40c2e5ed7,D05,TREE,TREE_001,TREE_001.basePlot.bgc,2020-07-08T16:44Z,TREE.peakGreenness.2020,NEON.DOC.014048vN,TREE_001-M-22-9-20200708|TREE_001-M-13.5-4-20200708|TREE_001-M-37-28.5-20200708,TREE_001-M-20200708-COMP,B00000062117,OK,0000-0002-6609-5941,,,20210504T180657Z,PROVISIONAL
8109c5d1-af63-43cd-a233-9b983d505cdb,D05,TREE,TREE_014,TREE_014.basePlot.bgc,2020-07-08T19:30Z,TREE.peakGreenness.2020,NEON.DOC.014048vN,TREE_014-M-14-31.5-20200708|TREE_014-M-30.5-12-20200708|TREE_014-M-11-0-20200708,TREE_014-M-20200708-COMP,B00000062190,OK,0000-0002-6609-5941,,,20210504T180657Z,PROVISIONAL
0fd7cae9-2cb4-4c4b-a5fe-d224c380af79,D05,TREE,TREE_006,TREE_006.basePlot.bgc,2020-07-08T19:05Z,TREE.peakGreenness.2020,NEON.DOC.014048vN,TREE_006-M-34-21-20200708|TREE_006-M-5.5-4.5-20200708|TREE_006-M-34-0.5-20200708,TREE_006-M-20200708-COMP,B00000062176,OK,0000-0002-6609-5941,,,20210504T180657Z,PROVISIONAL
a0a12d32-4208-46ca-93d2-1de42335f292,D05,TREE,TREE_050,TREE_050.basePlot.bgc,2020-07-08T19:29Z,TREE.peakGreenness.2020,NEON.DOC.014048vN,TREE_050-M-13.5-8.5-20200708|TREE_050-M-31-12-20200708|TREE_050-M-37-26.5-20200708,TREE_050-M-20200708-COMP,B00000062245,OK,0000-0002-6609-5941,,,20210504T180657Z,PROVISIONAL
2b98db10-26cb-412f-a012-0a279239bb5d,D05,TREE,TREE_003,TREE_003.basePlot.bgc,2020-07-08T21:04Z,TREE.peakGreenness.2020,NEON.DOC.014048vN,TREE_003-M-35-3.5-20200708|TREE_003-M-19.5-9.5-20200708|TREE_003-M-35-20.5-20200708,TREE_003-M-20200708-COMP,B00000062145,OK,0000-0002-6609-5941,,,20210504T180657Z,PROVISIONAL
70ed218b-9bb7-4920-8a1e-46be703cbde8,D05,TREE,TREE_049,TREE_049.basePlot.bgc,2020-07-08T21:11Z,TREE.peakGreenness.2020,NEON.DOC.014048vN,TREE_049-M-2-20.5-20200708|TREE_049-M-27-38-20200708|TREE_049-M-8-14-20200708,TREE_049-M-20200708-COMP,B00000062229,OK,0000-0002-6609-5941,,,20210504T180657Z,PROVISIONAL
ac884f38-d8f0-4c6c-84a4-56fd4267dee3,D07,ORNL,ORNL_002,ORNL_002.basePlot.bgc,2016-07-27T12:55Z,,NEON.DOC.014048vK,ORNL_002-O-18-3.5-20160727|ORNL_002-O-31-39-20160727|ORNL_002-O-26.5-17-20160727,ORNL_002-O-20160727-COMP,,OK,"",,,20201217T181756Z,RELEASE-2021
27ad412d-3de5-45c7-8f00-f21c658688c9,D07,ORNL,ORNL_029,ORNL_029.basePlot.bgc,2016-07-27T13:09Z,,NEON.DOC.014048vK,ORNL_029-O-35.5-28-20160727|ORNL_029-O-21.5-7.5-20160727|ORNL_029-O-6-13-20160727,ORNL_029-O-20160727-COMP,,OK,pharnage@battelleecology.org,,,20201217T181756Z,RELEASE-2021
9517fbd3-e1d6-4400-948b-98c900e6f2a2,D07,ORNL,ORNL_021,ORNL_021.basePlot.bgc,2016-07-27T14:05Z,,NEON.DOC.014048vK,ORNL_021-O-23-27.5-20160727|ORNL_021-O-19.5-0.5-20160727|ORNL_021-O-36.5-10-20160727,ORNL_021-O-20160727-COMP,,OK,pharnage@battelleecology.org,,,20201217T181756Z,RELEASE-2021
53561d85-ab9e-47f0-b26b-8f634a353df4,D07,ORNL,ORNL_043,ORNL_043.basePlot.bgc,2016-07-27T14:54Z,,NEON.DOC.014048vK,ORNL_043-O-6.5-10-20160727|ORNL_043-O-37.5-26.5-20160727|ORNL_043-O-37.5-18.5-20160727,ORNL_043-O-20160727-COMP,,OK,pharnage@battelleecology.org,,,20201217T181756Z,RELEASE-2021
fc5a9d10-3a79-462f-a35f-d8b29efc4cb1,D07,ORNL,ORNL_003,ORNL_003.basePlot.bgc,2016-07-27T15:00Z,,NEON.DOC.014048vK,ORNL_003-O-9-1-20160727|ORNL_003-O-33-3.5-20160727|ORNL_003-O-20.5-33-20160727,ORNL_003-O-20160727-COMP,,OK,pharnage@battelleecology.org,,,20201217T181756Z,RELEASE-2021
e3c52fc1-cd99-4be6-ac7a-9bd40fc2d920,D07,ORNL,ORNL_053,ORNL_053.basePlot.bgc,2016-07-27T15:51Z,,NEON.DOC.014048vK,ORNL_053-O-12-9-20160727|ORNL_053-O-30-0.5-20160727|ORNL_053-O-31.5-22-20160727,ORNL_053-O-20160727-COMP,,OK,pharnage@battelleecology.org,,,20201217T181756Z,RELEASE-2021
4c729933-9ef8-4edc-9cb0-f13fb6a424b4,D07,ORNL,ORNL_046,ORNL_046.basePlot.bgc,2016-07-27T16:46Z,,NEON.DOC.014048vK,ORNL_046-O-15-6.5-20160727|ORNL_046-O-31.5-7.5-20160727|ORNL_046-O-24.5-31-20160727,ORNL_046-O-20160727-COMP,,OK,pharnage@battelleecology.org,,,20201217T181756Z,RELEASE-2021
95448984-6fb3-4617-8f84-63fa27183833,D07,ORNL,ORNL_001,ORNL_001.basePlot.bgc,2016-07-27T17:08Z,,NEON.DOC.014048vK,ORNL_001-O-16.5-6.5-20160727|ORNL_001-O-27.5-31-20160727|ORNL_001-O-37.5-17-20160727,ORNL_001-O-20160727-COMP,,OK,pharnage@battelleecology.org,,,20201217T181756Z,RELEASE-2021
237092d5-428b-4a21-aae3-eb9b211925c5,D07,ORNL,ORNL_049,ORNL_049.basePlot.bgc,2016-07-27T18:02Z,,NEON.DOC.014048vK,ORNL_049-O-28.5-4.5-20160727|ORNL_049-O-15-1.5-20160727|ORNL_049-O-31.5-26.5-20160727,ORNL_049-O-20160727-COMP,,OK,pharnage@battelleecology.org,,,20201217T181756Z,RELEASE-2021
b898b93c-c9b8-4720-a693-86ff9f417d5f,D07,ORNL,ORNL_027,ORNL_027.basePlot.bgc,2016-07-27T18:26Z,,NEON.DOC.014048vK,ORNL_027-O-32-38-20160727|ORNL_027-O-17-8.5-20160727|ORNL_027-O-37-9-20160727,ORNL_027-O-20160727-COMP,,OK,pharnage@battelleecology.org,,,20201217T181756Z,RELEASE-2021
e692d24e-7b3a-43f7-9257-06dd3f4f9a9a,D07,ORNL,ORNL_021,ORNL_021.basePlot.bgc,2017-06-19T14:02Z,,NEON.DOC.014048vF,ORNL_021-O-39-37-20170619|ORNL_021-O-26-7-20170619|ORNL_021-O-3.5-32-20170619,ORNL_021-O-20170619-COMP,,OK,tspindler@battelleecology.org,,,20201218T003349Z,RELEASE-2021
add157b3-fbcb-4481-8339-e0f88d429d1f,D07,ORNL,ORNL_021,ORNL_021.basePlot.bgc,2017-06-19T14:06Z,,NEON.DOC.014048vF,ORNL_021-M-39-37-20170619|ORNL_021-M-26-7-20170619|ORNL_021-M-3.5-32-20170619,ORNL_021-M-20170619-COMP,,OK,tspindler@battelleecology.org,,,20201218T003349Z,RELEASE-2021
3760fca4-3d13-4016-8f79-d26b0ac1f8a9,D07,ORNL,ORNL_003,ORNL_003.basePlot.bgc,2017-06-19T16:03Z,,NEON.DOC.014048vF,ORNL_003-O-37-17-20170619|ORNL_003-O-31.5-27.5-20170619|ORNL_003-O-13-39-20170619,ORNL_003-O-20170619-COMP,,OK,tspindler@battelleecology.org,,,20201218T003349Z,RELEASE-2021
c4159a5c-9ace-4203-b145-5c81005f2568,D07,ORNL,ORNL_003,ORNL_003.basePlot.bgc,2017-06-19T16:14Z,,NEON.DOC.014048vF,ORNL_003-M-13-39-20170619|ORNL_003-M-37-17-20170619|ORNL_003-M-31.5-27.5-20170619,ORNL_003-M-20170619-COMP,,OK,tspindler@battelleecology.org,,,20201218T003349Z,RELEASE-2021
30911759-6740-4d6e-b696-991f6fa24ebb,D07,ORNL,ORNL_002,ORNL_002.basePlot.bgc,2017-06-19T18:15Z,,NEON.DOC.014048vF,ORNL_002-O-4-12.5-20170619|ORNL_002-O-30.5-14-20170619|ORNL_002-O-14-32-20170619,ORNL_002-O-20170619-COMP,,OK,tspindler@battelleecology.org,,,20201218T003349Z,RELEASE-2021
c4dbe168-46f1-41d3-b6e0-9f2658a2b944,D07,ORNL,ORNL_002,ORNL_002.basePlot.bgc,2017-06-19T18:19Z,,NEON.DOC.014048vF,ORNL_002-M-14-32-20170619|ORNL_002-M-30.5-14-20170619|ORNL_002-M-4-12.5-20170619,ORNL_002-M-20170619-COMP,,OK,tspindler@battelleecology.org,,,20201218T003349Z,RELEASE-2021
7b649309-b4cf-4c37-8545-5538f065ed89,D07,ORNL,ORNL_001,ORNL_001.basePlot.bgc,2017-06-19T20:13Z,,NEON.DOC.014048vF,ORNL_001-O-37.5-13.5-20170619|ORNL_001-O-29-37-20170619|ORNL_001-O-2.5-0-20170619,ORNL_001-O-20170619-COMP,,OK,tspindler@battelleecology.org,,,20201218T003349Z,RELEASE-2021
315e8833-0c4b-4c95-8d0d-e83303f05bfc,D07,ORNL,ORNL_001,ORNL_001.basePlot.bgc,2017-06-19T20:19Z,,NEON.DOC.014048vF,ORNL_001-M-2.5-0-20170619|ORNL_001-M-29-37-20170619|ORNL_001-M-37.5-13.5-20170619,ORNL_001-M-20170619-COMP,,OK,tspindler@battelleecology.org,,,20201218T003349Z,RELEASE-2021
48e11c17-e392-4b9c-a1a2-e8271f59ba71,D07,ORNL,ORNL_027,ORNL_027.basePlot.bgc,2017-06-21T13:41Z,,NEON.DOC.014048vF,ORNL_027-O-3.5-27.5-20170621|ORNL_027-O-4-19.5-20170621|ORNL_027-O-37-15.5-20170621,ORNL_027-O-20170621-COMP,,OK,jmonroe@battelleecology.org,,,20201218T003349Z,RELEASE-2021
f0742890-9c73-4273-b326-c9e9c7cbe89e,D07,ORNL,ORNL_027,ORNL_027.basePlot.bgc,2017-06-21T13:47Z,,NEON.DOC.014048vF,ORNL_027-M-4-19.5-20170621|ORNL_027-M-37-15.5-20170621|ORNL_027-M-3.5-27.5-20170621,ORNL_027-M-20170621-COMP,,OK,jmonroe@battelleecology.org,,,20201218T003349Z,RELEASE-2021
e9fd0291-0d50-46a6-8944-55508eeb03b7,D07,ORNL,ORNL_049,ORNL_049.basePlot.bgc,2017-06-21T15:30Z,,NEON.DOC.014048vF,ORNL_049-O-35-12.5-20170621|ORNL_049-O-18-34-20170621|ORNL_049-O-24.5-31-20170621,ORNL_049-O-20170621-COMP,,OK,jmonroe@battelleecology.org,,,20201218T003349Z,RELEASE-2021
01ae8b05-61f5-4746-bd8c-bbf8f1ad8c53,D07,ORNL,ORNL_049,ORNL_049.basePlot.bgc,2017-06-21T15:37Z,,NEON.DOC.014048vF,ORNL_049-M-18-34-20170621|ORNL_049-M-24.5-31-20170621|ORNL_049-M-35-12.5-20170621,ORNL_049-M-20170621-COMP,,OK,jmonroe@battelleecology.org,,,20201218T003349Z,RELEASE-2021
649a48a8-ecb9-4564-ae8c-f46ebfd34fc4,D07,ORNL,ORNL_046,ORNL_046.basePlot.bgc,2017-06-21T17:15Z,,NEON.DOC.014048vF,ORNL_046-O-12.5-8.5-20170621|ORNL_046-O-37-11-20170621|ORNL_046-O-32-29-20170621,ORNL_046-O-20170621-COMP,,OK,jmonroe@battelleecology.org,,,20201218T003349Z,RELEASE-2021
d53be0f3-c803-4587-aafc-2be19383cc69,D07,ORNL,ORNL_046,ORNL_046.basePlot.bgc,2017-06-21T17:19Z,,NEON.DOC.014048vF,ORNL_046-M-32-29-20170621|ORNL_046-M-37-11-20170621|ORNL_046-M-12.5-8.5-20170621,ORNL_046-M-20170621-COMP,,OK,jmonroe@battelleecology.org,,,20201218T003349Z,RELEASE-2021
d94d7fce-044f-4591-9a81-c77739c48cb0,D07,ORNL,ORNL_053,ORNL_053.basePlot.bgc,2017-06-21T18:16Z,,NEON.DOC.014048vF,ORNL_053-O-30-37-20170621|ORNL_053-O-8-37.5-20170621|ORNL_053-O-28-8-20170621,ORNL_053-O-20170621-COMP,,OK,jmonroe@battelleecology.org,,,20201218T003349Z,RELEASE-2021
d753be05-a734-4207-9583-aaa480a24778,D07,ORNL,ORNL_053,ORNL_053.basePlot.bgc,2017-06-21T18:18Z,,NEON.DOC.014048vF,ORNL_053-M-30-37-20170621|ORNL_053-M-28-8-20170621|ORNL_053-M-8-37.5-20170621,ORNL_053-M-20170621-COMP,,OK,jmonroe@battelleecology.org,,,20201218T003349Z,RELEASE-2021
703b01cf-c775-4b79-af0c-e69f79fbf1e7,D07,ORNL,ORNL_043,ORNL_043.basePlot.bgc,2017-06-21T19:08Z,,NEON.DOC.014048vF,ORNL_043-O-19.5-4-20170621|ORNL_043-O-33.5-17-20170621|ORNL_043-O-18-33.5-20170621,ORNL_043-O-20170621-COMP,,OK,jmonroe@battelleecology.org,,,20201218T003349Z,RELEASE-2021
da097dfc-af01-4f3b-bf5c-4c98d3694390,D07,ORNL,ORNL_043,ORNL_043.basePlot.bgc,2017-06-21T19:14Z,,NEON.DOC.014048vF,ORNL_043-M-19.5-4-20170621|ORNL_043-M-33.5-17-20170621|ORNL_043-M-18-33.5-20170621,ORNL_043-M-20170621-COMP,,OK,jmonroe@battelleecology.org,,,20201218T003349Z,RELEASE-2021
7fd66de8-cc5f-45bc-870c-26b4b617745c,D07,ORNL,ORNL_029,ORNL_029.basePlot.bgc,2017-06-21T21:50Z,,NEON.DOC.014048vF,ORNL_029-O-11.5-8-20170621|ORNL_029-O-9.5-34-20170621|ORNL_029-O-36.5-24-20170621,ORNL_029-O-20170621-COMP,,OK,jmonroe@battelleecology.org,,,20201218T003349Z,RELEASE-2021
a3daa68f-4b18-4c5a-8101-21258410a52b,D07,ORNL,ORNL_029,ORNL_029.basePlot.bgc,2017-06-21T21:55Z,,NEON.DOC.014048vF,ORNL_029-M-36.5-24-20170621|ORNL_029-M-9.5-34-20170621|ORNL_029-M-11.5-8-20170621,ORNL_029-M-20170621-COMP,,OK,jmonroe@battelleecology.org,,,20201218T003349Z,RELEASE-2021
61cb30b0-e338-41c3-a39a-8362a8ff1a7f,D07,ORNL,ORNL_002,ORNL_002.basePlot.bgc,2018-07-17T13:15Z,,NEON.DOC.014048vK,ORNL_002-O-37-35.5-20180717|ORNL_002-O-3-15-20180717|ORNL_002-O-17-34-20180717,ORNL_002-O-20180717-COMP,B00000026503,OK,pharnage@battelleecology.org,,,20201218T091916Z,RELEASE-2021
f6e56dc8-ca01-47fa-920b-d875d9f12a0d,D07,ORNL,ORNL_003,ORNL_003.basePlot.bgc,2018-07-17T14:46Z,,NEON.DOC.014048vK,ORNL_003-O-7.5-38.5-20180717|ORNL_003-O-3-16-20180717|ORNL_003-O-31-20-20180717,ORNL_003-O-20180717-COMP,B00000026499,OK,pharnage@battelleecology.org,,,20201218T091916Z,RELEASE-2021
5a9c7f79-1bfc-46b9-9acb-c890dc555fa0,D07,ORNL,ORNL_001,ORNL_001.basePlot.bgc,2018-07-17T16:12Z,,NEON.DOC.014048vK,ORNL_001-O-2.5-30-20180717|ORNL_001-O-36.5-0-20180717|ORNL_001-O-31.5-21-20180717,ORNL_001-O-20180717-COMP,B00000026498,OK,pharnage@battelleecology.org,,,20201218T091916Z,RELEASE-2021
d7c69970-88ac-4b50-9bf2-82ec819c2b1d,D07,ORNL,ORNL_027,ORNL_027.basePlot.bgc,2018-07-17T17:23Z,,NEON.DOC.014048vK,ORNL_027-O-24-4-20180717|ORNL_027-O-29.5-28.5-20180717|ORNL_027-O-7-10-20180717,ORNL_027-O-20180717-COMP,B00000026504,OK,pharnage@battelleecology.org,,,20201218T091916Z,RELEASE-2021
5808994d-e185-439b-bb22-946f2e6dab09,D07,ORNL,ORNL_004,ORNL_004.basePlot.bgc,2018-07-17T18:15Z,,NEON.DOC.014048vK,ORNL_004-O-10-38.5-20180717|ORNL_004-O-5.5-13.5-20180717|ORNL_004-O-23-30.5-20180717,ORNL_004-O-20180717-COMP,B00000026496,OK,pharnage@battelleecology.org,,,20201218T091916Z,RELEASE-2021
353ea15c-5b9a-4939-b680-d9c4f7ff8490,D07,ORNL,ORNL_006,ORNL_006.basePlot.bgc,2018-07-18T12:49Z,,NEON.DOC.014048vK,ORNL_006-O-7-29.5-20180718|ORNL_006-O-8-0-20180718|ORNL_006-O-32.5-34.5-20180718,ORNL_006-O-20180718-COMP,B00000026502,OK,pharnage@battelleecology.org,,,20201218T091916Z,RELEASE-2021
e8375fc7-9336-44e7-bebb-7c2445b7c9ff,D07,ORNL,ORNL_046,ORNL_046.basePlot.bgc,2018-07-18T14:13Z,,NEON.DOC.014048vK,ORNL_046-O-26.5-32-20180718|ORNL_046-O-14.5-30.5-20180718|ORNL_046-O-19-9.5-20180718,ORNL_046-O-20180718-COMP,B00000026501,OK,pharnage@battelleecology.org,,,20201218T091916Z,RELEASE-2021
cc7a9f72-2963-4d58-98cf-8024119b2858,D07,ORNL,ORNL_043,ORNL_043.basePlot.bgc,2018-07-18T14:48Z,,NEON.DOC.014048vK,ORNL_043-O-20.5-0.5-20180718|ORNL_043-O-12-34-20180718|ORNL_043-O-12-3-20180718,ORNL_043-O-20180718-COMP,B00000026500,OK,pharnage@battelleecology.org,,,20201218T091916Z,RELEASE-2021
8fdec8dc-25f2-4a3c-a9e8-780508bb779a,D07,ORNL,ORNL_053,ORNL_053.basePlot.bgc,2018-07-18T15:48Z,,NEON.DOC.014048vK,ORNL_053-O-35.5-7-20180718|ORNL_053-O-24-33.5-20180718|ORNL_053-O-13.5-30.5-20180718,ORNL_053-O-20180718-COMP,B00000026495,OK,pharnage@battelleecology.org,,,20201218T091916Z,RELEASE-2021
97af7431-3334-41d6-a3ef-772f2537f528,D07,ORNL,ORNL_049,ORNL_049.basePlot.bgc,2018-07-18T16:49Z,,NEON.DOC.014048vK,ORNL_049-O-36.5-11-20180718|ORNL_049-O-22-38-20180718|ORNL_049-O-4.5-7.5-20180718,ORNL_049-O-20180718-COMP,B00000026497,OK,pharnage@battelleecology.org,,,20201218T091916Z,RELEASE-2021
38f0caef-5386-4a34-940b-3c78728adb36,D07,ORNL,ORNL_002,ORNL_002.basePlot.bgc,2019-06-10T14:41Z,,NEON.DOC.014048vL,ORNL_002-M-24-7-20190610|ORNL_002-M-7-37-20190610|ORNL_002-M-3-12.5-20190610,ORNL_002-M-20190610-COMP,B00000026674,OK,,,,20201218T161439Z,RELEASE-2021
d94c7dcc-a040-4d2b-8a1d-ddd8cb9da7a2,D07,ORNL,ORNL_003,ORNL_003.basePlot.bgc,2019-06-10T17:10Z,,NEON.DOC.014048vL,ORNL_003-M-30.5-13-20190610|ORNL_003-M-5.5-24-20190610|ORNL_003-M-39-30-20190610,ORNL_003-M-20190610-COMP,B00000026675,OK,,,,20201218T161439Z,RELEASE-2021
4039d7e7-16fc-4e57-b2e5-22fb0b268db6,D07,ORNL,ORNL_006,ORNL_006.basePlot.bgc,2019-06-10T19:43Z,,NEON.DOC.014048vL,ORNL_006-M-30.5-31-20190610|ORNL_006-M-6-21-20190610|ORNL_006-M-34-18.5-20190610,ORNL_006-M-20190610-COMP,B00000026678,OK,,,,20201218T161439Z,RELEASE-2021
e1221d3c-2a75-455b-9457-4a2ccf983fce,D07,ORNL,ORNL_049,ORNL_049.basePlot.bgc,2019-06-12T13:56Z,,NEON.DOC.014048vL,ORNL_049-M-4.5-35.5-20190612|ORNL_049-M-19-6.5-20190612|ORNL_049-M-26-35-20190612,ORNL_049-M-20190612-COMP,B00000026681,OK,,,,20201218T161439Z,RELEASE-2021
5a6988af-46cf-43da-bbec-ef02bf71ae1a,D07,ORNL,ORNL_046,ORNL_046.basePlot.bgc,2019-06-12T15:58Z,,NEON.DOC.014048vL,ORNL_046-M-31-4.5-20190612|ORNL_046-M-0-15.5-20190612|ORNL_046-M-39.5-32-20190612,ORNL_046-M-20190612-COMP,B00000026680,OK,,,,20201218T161439Z,RELEASE-2021
b50bae75-0e8d-4371-adf9-5f0959b7f2a8,D07,ORNL,ORNL_043,ORNL_043.basePlot.bgc,2019-06-12T18:00Z,,NEON.DOC.014048vL,ORNL_043-M-39-9-20190612|ORNL_043-M-4.5-29.5-20190612|ORNL_043-M-12.5-2-20190612,ORNL_043-M-20190612-COMP,B00000026679,OK,,,,20201218T161439Z,RELEASE-2021
efaeb0d0-9042-4acb-8f05-191970ff3dba,D07,ORNL,ORNL_053,ORNL_053.basePlot.bgc,2019-06-12T19:42Z,,NEON.DOC.014048vL,ORNL_053-M-9.5-13.5-20190612|ORNL_053-M-24.5-6.5-20190612|ORNL_053-M-5-32-20190612,ORNL_053-M-20190612-COMP,B00000026682,OK,,,,20201218T161439Z,RELEASE-2021
bb964f40-650d-4c09-b381-ffd046ac9f63,D07,ORNL,ORNL_001,ORNL_001.basePlot.bgc,2019-06-13T16:50Z,,NEON.DOC.014048vL,ORNL_001-M-33.5-3.5-20190613|ORNL_001-M-10-7.5-20190613|ORNL_001-M-36.5-20.5-20190613,ORNL_001-M-20190613-COMP,B00000026673,OK,,,,20201218T161439Z,RELEASE-2021
d5573e25-59b9-469b-9d6b-04558ed531c4,D07,ORNL,ORNL_027,ORNL_027.basePlot.bgc,2019-06-14T13:57Z,,NEON.DOC.014048vL,ORNL_027-M-7.5-6.5-20190614|ORNL_027-M-3-22-20190614|ORNL_027-M-34-8.5-20190614,ORNL_027-M-20190614-COMP,B00000026677,OK,,,,20201218T161439Z,RELEASE-2021
93287a9f-1356-4bb1-a5ae-6ae3fc4fef78,D07,ORNL,ORNL_004,ORNL_004.basePlot.bgc,2019-06-14T15:47Z,,NEON.DOC.014048vL,ORNL_004-M-32.5-8.5-20190614|ORNL_004-M-13.5-1.5-20190614|ORNL_004-M-1.5-36-20190614,ORNL_004-M-20190614-COMP,B00000026676,OK,,,,20201218T161439Z,RELEASE-2021
1a0dd42e-248f-40b7-8d63-483509f8e51d,D07,ORNL,ORNL_004,ORNL_004.basePlot.bgc,2020-06-01T14:54Z,ORNL.undefined.2020,NEON.DOC.014048vM,ORNL_004-M-26.5-35.5-20200601,ORNL_004-M-20200601-COMP,B00000027318,OK,0000-0002-5381-0889,,,20210405T211944Z,PROVISIONAL
35893411-789f-44d8-9f70-b34f29d60629,D07,ORNL,ORNL_004,ORNL_004.basePlot.bgc,2020-06-01T15:53Z,ORNL.undefined.2020,NEON.DOC.014048vM,ORNL_004-O-9.5-5.5-20200601|ORNL_004-O-7.5-36-20200601,ORNL_004-O-20200601-COMP,B00000006123,OK,0000-0002-5381-0889,,,20210405T211944Z,PROVISIONAL
881a6096-adb4-499c-b758-c5313f709446,D07,ORNL,ORNL_027,ORNL_027.basePlot.bgc,2020-06-01T18:07Z,ORNL.undefined.2020,NEON.DOC.014048vM,ORNL_027-M-35.5-23.5-20200601|ORNL_027-M-25-6.5-20200601|ORNL_027-M-0.5-33.5-20200601,ORNL_027-M-20200601-COMP,B00000027320,OK,0000-0002-5381-0889,,,20210405T211944Z,PROVISIONAL
34d7eeab-53f2-42bc-87b0-6dec0bdbfa6f,D07,ORNL,ORNL_001,ORNL_001.basePlot.bgc,2020-06-01T20:10Z,ORNL.undefined.2020,NEON.DOC.014048vM,ORNL_001-M-1.5-28-20200601|ORNL_001-M-37.5-18.5-20200601|ORNL_001-M-10.5-4-20200601,ORNL_001-M-20200601-COMP,B00000027315,OK,0000-0002-5381-0889,,,20210405T211944Z,PROVISIONAL
43b86062-276e-41bd-b9a7-8693574091eb,D07,ORNL,ORNL_049,ORNL_049.basePlot.bgc,2020-06-02T13:45Z,ORNL.undefined.2020,NEON.DOC.014048vM,ORNL_049-M-34-7.5-20200602|ORNL_049-M-15.5-33-20200602|ORNL_049-M-22-30.5-20200602,ORNL_049-M-20200602-COMP,B00000027323,OK,0000-0002-5456-2901,,,20210405T211944Z,PROVISIONAL
d2430b00-e005-430b-a875-ac097eb89b55,D07,ORNL,ORNL_046,ORNL_046.basePlot.bgc,2020-06-02T15:53Z,ORNL.undefined.2020,NEON.DOC.014048vM,ORNL_046-M-23-30.5-20200602|ORNL_046-M-5.5-38-20200602|ORNL_046-M-17-9.5-20200602,ORNL_046-M-20200602-COMP,B00000027322,OK,0000-0002-5456-2901,,,20210405T211944Z,PROVISIONAL
7107f832-617a-424c-913e-07209dda0f23,D07,ORNL,ORNL_053,ORNL_053.basePlot.bgc,2020-06-02T17:56Z,ORNL.undefined.2020,NEON.DOC.014048vM,ORNL_053-M-38.5-27.5-20200602|ORNL_053-M-23.5-0.5-20200602|ORNL_053-M-17.5-39-20200602,ORNL_053-M-20200602-COMP,B00000027324,OK,0000-0002-5456-2901,,,20210405T211944Z,PROVISIONAL
7a836545-81e4-4f58-ac07-3a82e8147c08,D07,ORNL,ORNL_043,ORNL_043.basePlot.bgc,2020-06-02T19:55Z,ORNL.undefined.2020,NEON.DOC.014048vM,ORNL_043-M-3-2.5-20200602|ORNL_043-M-2.5-31.5-20200602|ORNL_043-M-38.5-23-20200602,ORNL_043-M-20200602-COMP,B00000027321,OK,0000-0002-5456-2901,,,20210405T211944Z,PROVISIONAL
34305c9f-c7f9-418c-9e78-ead43f56720d,D07,ORNL,ORNL_002,ORNL_002.basePlot.bgc,2020-06-03T13:37Z,ORNL.undefined.2020,NEON.DOC.014048vM,ORNL_002-M-9-4.5-20200603|ORNL_002-M-34-34.5-20200603,ORNL_002-M-20200603-COMP,B00000027316,OK,0000-0002-5456-2901,,,20210405T211944Z,PROVISIONAL
ddf10b07-0137-4bd6-b6c1-837b03d6eed2,D07,ORNL,ORNL_002,ORNL_002.basePlot.bgc,2020-06-03T13:07Z,ORNL.undefined.2020,NEON.DOC.014048vM,ORNL_002-O-39-2.5-20200603,ORNL_002-O-20200603-COMP,B00000006122,OK,0000-0002-5456-2901,,,20210405T211944Z,PROVISIONAL
3aff75bd-5637-4101-aeec-c6761570deaa,D07,ORNL,ORNL_003,ORNL_003.basePlot.bgc,2020-06-03T15:20Z,ORNL.undefined.2020,NEON.DOC.014048vM,ORNL_003-M-18-3.5-20200603|ORNL_003-M-20.5-1-20200603,ORNL_003-M-20200603-COMP,B00000027317,OK,0000-0002-5456-2901,,,20210405T211944Z,PROVISIONAL
6aafe5cd-4426-4cce-a91a-fc2d5e300292,D07,ORNL,ORNL_003,ORNL_003.basePlot.bgc,2020-06-03T15:52Z,ORNL.undefined.2020,NEON.DOC.014048vM,ORNL_003-O-17.5-39-20200603,ORNL_003-O-20200603-COMP,B00000025162,OK,0000-0002-5456-2901,,,20210405T211944Z,PROVISIONAL
c707fcb9-2303-43d3-84ab-01f81e3c794a,D07,ORNL,ORNL_006,ORNL_006.basePlot.bgc,2020-06-03T18:22Z,ORNL.undefined.2020,NEON.DOC.014048vM,ORNL_006-M-8.5-11.5-20200603|ORNL_006-M-18.5-31-20200603|ORNL_006-M-28.5-0-20200603,ORNL_006-M-20200603-COMP,B00000027319,OK,0000-0002-5456-2901,,,20210405T211944Z,PROVISIONAL
94eaace3-ef5c-4a28-aabd-eba436ccc200,D07,ORNL,ORNL_049,ORNL_049.basePlot.bgc,2021-07-06T13:53Z,ORNL.peakGreenness.2021,NEON.DOC.014048vN,ORNL_049-M-33.5-22.5-20210706|ORNL_049-M-8.5-8.5-20210706|ORNL_049-M-8.5-31.5-20210706,ORNL_049-M-20210706-COMP,B00000059627,OK,0000-0002-5381-0889,,,20211102T185350Z,PROVISIONAL
15f247b8-205b-449f-910c-e0d82055c83e,D07,ORNL,ORNL_046,ORNL_046.basePlot.bgc,2021-07-06T15:07Z,ORNL.peakGreenness.2021,NEON.DOC.014048vN,ORNL_046-M-3.5-11-20210706|ORNL_046-M-21.5-3.5-20210706|ORNL_046-M-31.5-29-20210706,ORNL_046-M-20210706-COMP,B00000059646,OK,0000-0002-5381-0889,,,20211102T185350Z,PROVISIONAL
e78e93a8-4523-4fa5-a320-e90ffda440cb,D07,ORNL,ORNL_053,ORNL_053.basePlot.bgc,2021-07-06T16:37Z,ORNL.peakGreenness.2021,NEON.DOC.014048vN,ORNL_053-M-22.5-6-20210706|ORNL_053-M-8-21.5-20210706|ORNL_053-M-34.5-26.5-20210706,ORNL_053-M-20210706-COMP,B00000059623,OK,0000-0002-5381-0889,,,20211102T185350Z,PROVISIONAL
1860b5f4-a24e-4784-a2b7-202b637d1d13,D07,ORNL,ORNL_043,ORNL_043.basePlot.bgc,2021-07-06T17:54Z,ORNL.peakGreenness.2021,NEON.DOC.014048vN,ORNL_043-M-35-0.5-20210706|ORNL_043-M-37.5-25.5-20210706|ORNL_043-M-0.5-30-20210706,ORNL_043-M-20210706-COMP,B00000059659,OK,0000-0002-5381-0889,,,20211102T185350Z,PROVISIONAL
b9983d5c-03f1-4487-b916-71daa63ed345,D07,ORNL,ORNL_004,ORNL_004.basePlot.bgc,2021-07-07T14:16Z,ORNL.peakGreenness.2021,NEON.DOC.014048vN,ORNL_004-M-29-3-20210707|ORNL_004-M-31.5-27.5-20210707|ORNL_004-M-4.5-17.5-20210707,ORNL_004-M-20210707-COMP,B00000059643,OK,0000-0002-5381-0889,,,20211102T185350Z,PROVISIONAL
555b18fe-2232-407b-9052-8ca05b376fd0,D07,ORNL,ORNL_027,ORNL_027.basePlot.bgc,2021-07-07T15:52Z,ORNL.peakGreenness.2021,NEON.DOC.014048vN,ORNL_027-M-32.5-29.5-20210707|ORNL_027-M-35.5-2.5-20210707|ORNL_027-M-19.5-30-20210707,ORNL_027-M-20210707-COMP,B00000059657,OK,0000-0002-5381-0889,,,20211102T185350Z,PROVISIONAL
d88da095-e04f-47bb-af4d-fa537df324a7,D07,ORNL,ORNL_001,ORNL_001.basePlot.bgc,2021-07-07T18:25Z,ORNL.peakGreenness.2021,NEON.DOC.014048vN,ORNL_001-M-5-9-20210707|ORNL_001-M-30.5-27.5-20210707,ORNL_001-M-20210707-COMP,B00000025164,OK,0000-0002-5381-0889,,,20211102T185350Z,PROVISIONAL
19468056-abe7-4080-ab53-ff4456c9ee7e,D07,ORNL,ORNL_001,ORNL_001.basePlot.bgc,2021-07-07T17:47Z,ORNL.peakGreenness.2021,NEON.DOC.014048vN,ORNL_001-O-38.5-0.5-20210707,ORNL_001-O-20210707-COMP,B00000025169,OK,0000-0002-5381-0889,,,20211102T185350Z,PROVISIONAL
e15b1759-0a62-4239-bdbd-297034f7fb9e,D07,ORNL,ORNL_002,ORNL_002.basePlot.bgc,2021-07-08T13:42Z,ORNL.peakGreenness.2021,NEON.DOC.014048vN,ORNL_002-M-25.5-6.5-20210708|ORNL_002-M-38-35-20210708|ORNL_002-M-0-31-20210708,ORNL_002-M-20210708-COMP,B00000059649,OK,0000-0002-5381-0889,,,20211102T185350Z,PROVISIONAL
983e80ec-2991-4957-adba-4035b166fdab,D07,ORNL,ORNL_003,ORNL_003.basePlot.bgc,2021-07-08T15:16Z,ORNL.peakGreenness.2021,NEON.DOC.014048vN,ORNL_003-M-3.5-17.5-20210708|ORNL_003-M-36-25-20210708,ORNL_003-M-20210708-COMP,B00000059621,OK,0000-0002-5381-0889,,,20211102T185350Z,PROVISIONAL
e579c6ae-84ab-4cb2-bb19-1d2a61580e99,D07,ORNL,ORNL_003,ORNL_003.basePlot.bgc,2021-07-08T14:55Z,ORNL.peakGreenness.2021,NEON.DOC.014048vN,ORNL_003-O-38.5-4-20210708,ORNL_003-O-20210708-COMP,B00000025168,OK,0000-0002-5381-0889,,,20211102T185350Z,PROVISIONAL
5b14484e-a0ad-4f47-99b8-4d7dc3b0288f,D07,ORNL,ORNL_006,ORNL_006.basePlot.bgc,2021-07-08T17:48Z,ORNL.peakGreenness.2021,NEON.DOC.014048vN,ORNL_006-M-27.5-36.5-20210708|ORNL_006-M-19-31-20210708|ORNL_006-M-7.5-11.5-20210708,ORNL_006-M-20210708-COMP,B00000059654,OK,0000-0002-5381-0889,,,20211102T185350Z,PROVISIONAL
468bc4e7-fbd1-46a4-b67d-58500dc4685a,D08,DELA,DELA_037,DELA_037.basePlot.bgc,2016-08-24T14:56Z,,NEON.DOC.014048vF,DELA_037-M-23.5-35.5-20160824|DELA_037-M-3-16-20160824|DELA_037-M-30.5-6-20160824,DELA_037-M-20160824-COMP,,OK,khildebrand@field-ops.org,,,20201217T173052Z,RELEASE-2021
eccb203c-05ca-46df-b954-25d8b3ac5360,D08,DELA,DELA_038,DELA_038.basePlot.bgc,2016-08-24T14:36Z,,NEON.DOC.014048vF,DELA_038-M-30-4-20160824|DELA_038-M-2.5-2-20160824|DELA_038-M-24.5-35.5-20160824,DELA_038-M-20160824-COMP,,OK,khildebrand@field-ops.org,,,20201217T173052Z,RELEASE-2021
1297a164-59e6-41aa-b423-1965ac27e500,D08,DELA,DELA_041,DELA_041.basePlot.bgc,2016-08-24T16:30Z,,NEON.DOC.014048vF,DELA_041-M-2.5-2-20160824|DELA_041-M-30-4-20160824,DELA_041-M-20160824-COMP,,OK,khildebrand@field-ops.org,,,20201217T173052Z,RELEASE-2021
85029a39-716c-4d4d-8179-774da60605b0,D08,DELA,DELA_014,DELA_014.basePlot.bgc,2016-08-24T17:05Z,,NEON.DOC.014048vF,DELA_014-M-3.5-10.5-20160824|DELA_014-M-24.5-6-20160824|DELA_014-M-24.5-36.5-20160824,DELA_014-M-20160824-COMP,,OK,khildebrand@field-ops.org,,,20201217T173052Z,RELEASE-2021
e54ae794-a11c-433f-8764-4ad7d9b9d5f6,D08,DELA,DELA_040,DELA_040.basePlot.bgc,2016-08-24T17:16Z,,NEON.DOC.014048vF,DELA_040-M-30.5-6-20160824|DELA_040-M-17-3-20160824|DELA_040-M-33-24-20160824,DELA_040-M-20160824-COMP,,OK,khildebrand@field-ops.org,,,20201217T173052Z,RELEASE-2021
8ee880b8-6553-461d-bc0b-e49a35eae160,D08,DELA,DELA_004,DELA_004.basePlot.bgc,2016-08-24T19:08Z,,NEON.DOC.014048vF,DELA_004-M-31.5-9-20160824|DELA_004-M-3.5-16-20160824|DELA_004-M-0.5-31.5-20160824,DELA_004-M-20160824-COMP,,OK,khildebrand@field-ops.org,,,20201217T173052Z,RELEASE-2021
d275c229-cb3d-4d58-8ca9-4f17f698b6f3,D08,DELA,DELA_003,DELA_003.basePlot.bgc,2016-08-24T19:05Z,,NEON.DOC.014048vF,DELA_003-M-9.5-30.5-20160824|DELA_003-M-32-24-20160824|DELA_003-M-39-12.5-20160824,DELA_003-M-20160824-COMP,,OK,khildebrand@field-ops.org,,,20201217T173052Z,RELEASE-2021
08c8cf7a-4f13-4f47-822c-adbf2f98c67d,D08,DELA,DELA_002,DELA_002.basePlot.bgc,2016-08-25T13:49Z,,NEON.DOC.014048vF,DELA_002-M-2-24.5-20160825|DELA_002-M-17.5-0.5-20160825|DELA_002-M-28.5-3.5-20160825,DELA_002-M-20160825-COMP,,OK,khildebrand@field-ops.org,,,20201217T173052Z,RELEASE-2021
fa24c801-4b3d-4704-b378-3651e1feda5e,D08,DELA,DELA_001,DELA_001.basePlot.bgc,2016-08-25T15:03Z,,NEON.DOC.014048vF,DELA_001-M-32-34-20160825|DELA_001-M-1.5-12.5-20160825|DELA_001-M-33.5-8-20160825,DELA_001-M-20160825-COMP,,OK,khildebrand@field-ops.org,,,20201217T173052Z,RELEASE-2021
96d30a47-a6fa-431b-b36b-eff1812b950f,D08,DELA,DELA_005,DELA_005.basePlot.bgc,2016-08-25T16:12Z,,NEON.DOC.014048vF,DELA_005-M-11.5-8.5-20160825|DELA_005-M-20.5-6.5-20160825|DELA_005-M-32.5-31.5-20160825,DELA_005-M-20160825-COMP,,OK,khildebrand@field-ops.org,,,20201217T173052Z,RELEASE-2021
53e43e4e-e4bf-412d-9fa6-795e7c8da7ab,D08,DELA,DELA_005,DELA_005.basePlot.bgc,2019-06-24T14:24Z,,NEON.DOC.014048vL,DELA_005-M-35-35-20190624|DELA_005-M-3-9-20190624|DELA_005-M-15-34.5-20190624,DELA_005-M-20190624-COMP,B00000004984,OK,,,,20201218T082036Z,RELEASE-2021
77985a68-db2e-4d4a-9d4c-709b90f41bd9,D08,DELA,DELA_014,DELA_014.basePlot.bgc,2019-06-24T15:37Z,,NEON.DOC.014048vL,DELA_014-M-19-38.5-20190624|DELA_014-M-23.5-3.5-20190624|DELA_014-M-8.5-1-20190624,DELA_014-M-20190624-COMP,B00000004982,OK,,,,20201218T082036Z,RELEASE-2021
c1ece8be-0bf8-4037-b1c7-e1c725f7e98c,D08,DELA,DELA_002,DELA_002.basePlot.bgc,2019-06-24T17:01Z,,NEON.DOC.014048vL,DELA_002-M-8.5-6-20190624|DELA_002-M-32.5-18.5-20190624|DELA_002-M-19.5-37-20190624,DELA_002-M-20190624-COMP,B00000004970,OK,,,,20201218T082036Z,RELEASE-2021
23eb6dc4-9962-4cfa-84aa-352ae1a0f874,D08,DELA,DELA_004,DELA_004.basePlot.bgc,2019-06-24T18:19Z,,NEON.DOC.014048vL,DELA_004-M-39-0.5-20190624|DELA_004-M-36.5-34-20190624|DELA_004-M-2-13.5-20190624,DELA_004-M-20190624-COMP,B00000004985,OK,,,,20201218T082036Z,RELEASE-2021
8ad8cfb3-dc8e-4a4a-aea6-ccdb02724f3e,D08,DELA,DELA_001,DELA_001.basePlot.bgc,2019-06-26T13:06Z,,NEON.DOC.014048vL,DELA_001-M-21.5-0-20190626|DELA_001-M-28-32.5-20190626|DELA_001-M-6-6.5-20190626,DELA_001-M-20190626-COMP,B00000004971,OK,,,,20201218T082036Z,RELEASE-2021
0125921e-a144-470c-8150-d914feae9397,D08,DELA,DELA_038,DELA_038.basePlot.bgc,2019-06-26T13:19Z,,NEON.DOC.014048vL,DELA_038-M-4-24-20190626|DELA_038-M-32.5-11.5-20190626|DELA_038-M-24.5-36.5-20190626,DELA_038-M-20190626-COMP,B00000004988,OK,,,,20201218T082036Z,RELEASE-2021
7bffe64f-00e0-41fb-b98c-30030996999a,D08,DELA,DELA_041,DELA_041.basePlot.bgc,2019-06-26T14:18Z,,NEON.DOC.014048vL,DELA_041-M-35-28-20190626|DELA_041-M-4-24-20190626|DELA_041-M-34-8-20190626,DELA_041-M-20190626-COMP,B00000004986,OK,,,,20201218T082036Z,RELEASE-2021
5e7b0963-bfb7-4f44-a288-68a7345ac8bf,D08,DELA,DELA_003,DELA_003.basePlot.bgc,2019-06-26T14:21Z,,NEON.DOC.014048vL,DELA_003-M-24-33-20190626|DELA_003-M-6.5-25.5-20190626|DELA_003-M-0.5-9.5-20190626,DELA_003-M-20190626-COMP,B00000004987,OK,,,,20201218T082036Z,RELEASE-2021
d59892eb-4bfb-4d7d-875b-c0158c35aa10,D08,DELA,DELA_037,DELA_037.basePlot.bgc,2019-06-26T15:17Z,,NEON.DOC.014048vL,DELA_037-M-17-3-20190626|DELA_037-M-34.5-29-20190626|DELA_037-M-9.5-23-20190626,DELA_037-M-20190626-COMP,B00000004983,OK,,,,20201218T082036Z,RELEASE-2021
42d3bb5b-805f-46f3-a89d-950d002cb813,D08,DELA,DELA_040,DELA_040.basePlot.bgc,2019-06-26T15:53Z,,NEON.DOC.014048vL,DELA_040-M-32-36.5-20190626|DELA_040-M-9.5-36-20190626|DELA_040-M-11-4-20190626,DELA_040-M-20190626-COMP,B00000004978,OK,,,,20201218T082036Z,RELEASE-2021
95a1d458-3e2d-4e00-8d87-fd71ec1b549b,D08,LENO,LENO_063,LENO_063.basePlot.bgc,2016-08-29T18:05Z,,NEON.DOC.014048vF,LENO_063-M-34-0.5-20160829|LENO_063-M-9.5-0.5-20160829|LENO_063-M-34.5-29-20160829,LENO_063-M-20160829-COMP,,OK,khildebrand@field-ops.org,,,20201217T154713Z,RELEASE-2021
1fcaf34b-c14e-4db4-8b0c-8953fa0d94c4,D08,LENO,LENO_002,LENO_002.basePlot.bgc,2016-08-29T19:40Z,,NEON.DOC.014048vF,LENO_002-M-2.5-17.5-20160829|LENO_002-M-19-38-20160829|LENO_002-M-37-0.5-20160829,LENO_002-M-20160829-COMP,,OK,khildebrand@field-ops.org,,,20201217T154713Z,RELEASE-2021
527fdc7d-d5be-49a4-a251-de1fdb3d5a02,D08,LENO,LENO_064,LENO_064.basePlot.bgc,2016-08-29T19:50Z,,NEON.DOC.014048vF,LENO_064-M-7-14-20160829|LENO_064-M-27-9-20160829|LENO_064-M-33-23.5-20160829,LENO_064-M-20160829-COMP,,OK,khildebrand@field-ops.org,,,20201217T154713Z,RELEASE-2021
4d3a7fb6-ef4e-4a1b-b221-1f9b12d3da26,D08,LENO,LENO_003,LENO_003.basePlot.bgc,2016-08-29T21:40Z,,NEON.DOC.014048vF,LENO_003-M-20-33.5-20160829|LENO_003-M-19.5-31-20160829|LENO_003-M-30-12-20160829,LENO_003-M-20160829-COMP,,OK,khildebrand@field-ops.org,,,20201217T154713Z,RELEASE-2021
f71adcc5-535a-43e3-9ce6-bb209a3b6061,D08,LENO,LENO_001,LENO_001.basePlot.bgc,2016-08-29T21:40Z,,NEON.DOC.014048vF,LENO_001-M-1.5-10.5-20160829|LENO_001-M-23.5-5.5-20160829|LENO_001-M-39-23-20160829,LENO_001-M-20160829-COMP,,OK,khildebrand@field-ops.org,,,20201217T154713Z,RELEASE-2021
3d04a64c-3bb0-4ecb-8031-b56f4ec57282,D08,LENO,LENO_061,LENO_061.basePlot.bgc,2016-08-30T14:44Z,,NEON.DOC.014048vF,LENO_061-M-9.5-22-20160830|LENO_061-M-17-2-20160830|LENO_061-M-20.5-1-20160830,LENO_061-M-20160830-COMP,,OK,khildebrand@field-ops.org,,,20201217T154713Z,RELEASE-2021
b471f9fc-39f3-4fe3-b6b0-105888d9601a,D08,LENO,LENO_005,LENO_005.basePlot.bgc,2016-08-30T15:35Z,,NEON.DOC.014048vF,LENO_005-M-34-35.5-20160830|LENO_005-M-1-16.5-20160830|LENO_005-M-33-16.5-20160830,LENO_005-M-20160830-COMP,,OK,khildebrand@field-ops.org,,,20201217T154713Z,RELEASE-2021
5934e175-db17-41d8-a78d-2ed8ecbefa64,D08,LENO,LENO_062,LENO_062.basePlot.bgc,2016-08-30T15:51Z,,NEON.DOC.014048vF,LENO_062-M-4-2-20160830|LENO_062-M-38-32-20160830|LENO_062-M-5.5-21-20160830,LENO_062-M-20160830-COMP,,OK,khildebrand@field-ops.org,,,20201217T154713Z,RELEASE-2021
afd4b06f-c8d0-48a2-a734-39d4c787f0b7,D08,LENO,LENO_004,LENO_004.basePlot.bgc,2016-08-30T17:32Z,,NEON.DOC.014048vF,LENO_004-M-0-20-20160830|LENO_004-M-20.5-3-20160830|LENO_004-M-7-8.5-20160830,LENO_004-M-20160830-COMP,,OK,khildebrand@field-ops.org,,,20201217T154713Z,RELEASE-2021
d76fdba1-9962-46d5-96c1-a9289ade33d9,D08,LENO,LENO_006,LENO_006.basePlot.bgc,2016-08-30T18:00Z,,NEON.DOC.014048vF,LENO_006-M-37.5-18.5-20160830|LENO_006-M-10-31.5-20160830|LENO_006-M-35.5-21.5-20160830,LENO_006-M-20160830-COMP,,OK,khildebrand@field-ops.org,,,20201217T154713Z,RELEASE-2021
db17902c-d193-43ba-9574-619ae4066e7f,D08,LENO,LENO_002,LENO_002.basePlot.bgc,2018-07-09T14:46Z,,NEON.DOC.014048vK,LENO_002-M-20.5-32-20180709|LENO_002-M-2-13-20180709|LENO_002-M-11.5-35.5-20180709,LENO_002-M-20180709-COMP,B00000003683,OK,kjones01@battelleecology.org,,,20201218T095850Z,RELEASE-2021
2ba3d800-f6d4-4bcf-a257-9af081125ab7,D08,LENO,LENO_061,LENO_061.basePlot.bgc,2018-07-09T14:53Z,,NEON.DOC.014048vK,LENO_061-M-12.5-0.5-20180709|LENO_061-M-26-38-20180709|LENO_061-M-10.5-32.5-20180709,LENO_061-M-20180709-COMP,B00000003678,OK,jwhite@battelleecology.org,,,20201218T095850Z,RELEASE-2021
6e5e906e-1881-4835-935a-d5532065d5a4,D08,LENO,LENO_003,LENO_003.basePlot.bgc,2018-07-09T16:08Z,,NEON.DOC.014048vK,LENO_003-M-24.5-37-20180709|LENO_003-M-2-22-20180709|LENO_003-M-31-8.5-20180709,LENO_003-M-20180709-COMP,B00000003682,OK,kjones01@battelleecology.org,,,20201218T095850Z,RELEASE-2021
4b3483a6-fd2c-4898-8d1c-90daad24ab24,D08,LENO,LENO_062,LENO_062.basePlot.bgc,2018-07-09T16:09Z,,NEON.DOC.014048vK,LENO_062-M-38-34-20180709|LENO_062-M-1.5-12.5-20180709|LENO_062-M-0.5-38.5-20180709,LENO_062-M-20180709-COMP,B00000003677,OK,jwhite@battelleecology.org,,,20201218T095850Z,RELEASE-2021
f042e775-6174-497e-aaf8-b946b7349781,D08,LENO,LENO_063,LENO_063.basePlot.bgc,2018-07-09T17:26Z,,NEON.DOC.014048vK,LENO_063-M-6.5-15.5-20180709|LENO_063-M-39.5-26.5-20180709|LENO_063-M-29.5-4.5-20180709,LENO_063-M-20180709-COMP,B00000003676,OK,jwhite@battelleecology.org,,,20201218T095850Z,RELEASE-2021
362f5613-d5b2-4b3e-a861-10b78734356d,D08,LENO,LENO_006,LENO_006.basePlot.bgc,2018-07-09T17:44Z,,NEON.DOC.014048vK,LENO_006-M-39-12.5-20180709|LENO_006-M-19.5-5.5-20180709|LENO_006-M-23.5-37.5-20180709,LENO_006-M-20180709-COMP,B00000003679,OK,kjones01@battelleecology.org,,,20201218T095850Z,RELEASE-2021
b4600bd4-2425-4380-b147-62470d36d5ca,D08,LENO,LENO_064,LENO_064.basePlot.bgc,2018-07-09T18:17Z,,NEON.DOC.014048vK,LENO_064-M-32-9.5-20180709|LENO_064-M-17-35-20180709|LENO_064-M-3-10.5-20180709,LENO_064-M-20180709-COMP,B00000003675,OK,jwhite@battelleecology.org,,,20201218T095850Z,RELEASE-2021
f0fd376f-73be-4fff-9c18-f3b8c7ed8394,D08,LENO,LENO_004,LENO_004.basePlot.bgc,2018-07-09T19:06Z,,NEON.DOC.014048vK,LENO_004-M-8-28-20180709|LENO_004-M-31.5-37.5-20180709|LENO_004-M-15-0.5-20180709,LENO_004-M-20180709-COMP,B00000003681,OK,kjones01@battelleecology.org,,,20201218T095850Z,RELEASE-2021
6d526851-ae89-4e73-a49d-7eccfdadace8,D08,LENO,LENO_005,LENO_005.basePlot.bgc,2018-07-09T20:05Z,,NEON.DOC.014048vK,LENO_005-M-0.5-16-20180709|LENO_005-M-30-38-20180709|LENO_005-M-30-9.5-20180709,LENO_005-M-20180709-COMP,B00000003680,OK,kjones01@battelleecology.org,,,20201218T095850Z,RELEASE-2021
1ce527fe-83dd-41f0-b7c9-37d01e42ec61,D08,LENO,LENO_001,LENO_001.basePlot.bgc,2018-07-11T16:18Z,,NEON.DOC.014048vK,LENO_001-M-39.5-37-20180711|LENO_001-M-29-3.5-20180711|LENO_001-M-17.5-32-20180711,LENO_001-M-20180711-COMP,B00000003684,OK,kjones01@battelleecology.org,,,20201218T095850Z,RELEASE-2021
