uid,namedLocation,domainID,siteID,plotID,setDate,collectDate,eventID,processingDate,massSampleIDList,massSampleMixtureID,cnSampleID,cnSampleCode,ligninSampleID,ligninSampleBarcode,archiveSampleID,archiveSampleBarcode,bgcArchiveMass,toxicodendronPossible,remarks,processedBy,publicationDate,release
38bd43cb-7b21-4eff-8ce5-29456338654e,BART_073.basePlot.ltr,D01,BART,BART_073,2016-09-19,2016-10-10,,2016-11-17,NEON.LTR.BART073539.20161010.NDL|NEON.LTR.BART073409.20161010.NDL,NEON.LTR.BART073.20161010.NDL,NEON.LTR.BART073.20161010.NDL.CN,,NEON.LTR.BART073.20161010.NDL.LIG,,"",,,,,mday@field-ops.org,20211221T214309Z,RELEASE-2022
378a085d-2378-48a1-b5c3-12849778f607,BART_041.basePlot.ltr,D01,BART,BART_041,2016-09-19,2016-10-10,,2016-11-17,NEON.LTR.BART041292.20161010.LVS,NEON.LTR.BART041.20161010.LVS,NEON.LTR.BART041.20161010.LVS.CN,,"",,NEON.LTR.BART041.20161010.LVS.AR,,,,,mday@field-ops.org,20211221T214309Z,RELEASE-2022
c59c5bdf-a66c-45ae-9b7e-35ba21e816cb,BART_071.basePlot.ltr,D01,BART,BART_071,2016-09-19,2016-10-10,,2016-11-17,NEON.LTR.BART071382.20161010.LVS|NEON.LTR.BART071952.20161010.LVS,NEON.LTR.BART071.20161010.LVS,NEON.LTR.BART071.20161010.LVS.CN,,"",,NEON.LTR.BART071.20161010.LVS.AR,,,,,mday@field-ops.org,20211221T214309Z,RELEASE-2022
cc16f004-78c0-47ca-af42-2a970843fc9b,BART_039.basePlot.ltr,D01,BART,BART_039,2016-09-19,2016-10-10,,2016-11-17,NEON.LTR.BART039930.20161010.NDL,NEON.LTR.BART039.20161010.NDL,NEON.LTR.BART039.20161010.NDL.CN,,"",,NEON.LTR.BART039.20161010.NDL.AR,,,,,mday@field-ops.org,20211221T214309Z,RELEASE-2022
fb13c7f9-da7d-4325-be22-dc4f4bbb094b,BART_032.basePlot.ltr,D01,BART,BART_032,2016-09-19,2016-10-10,,2016-11-17,NEON.LTR.BART032293.20161010.LVS,NEON.LTR.BART032.20161010.LVS,NEON.LTR.BART032.20161010.LVS.CN,,NEON.LTR.BART032.20161010.LVS.LIG,,"",,,,,mday@field-ops.org,20211221T214309Z,RELEASE-2022
9861ede9-0d3c-4a12-bd9a-932c7979b480,BART_073.basePlot.ltr,D01,BART,BART_073,2016-09-19,2016-10-10,,2016-11-17,NEON.LTR.BART073409.20161010.LVS|NEON.LTR.BART073539.20161010.LVS,NEON.LTR.BART073.20161010.LVS,NEON.LTR.BART073.20161010.LVS.CN,,"",,NEON.LTR.BART073.20161010.LVS.AR,,,,,mday@field-ops.org,20211221T214309Z,RELEASE-2022
b26bb8a5-d25b-4c17-b5e4-230e7d8b5b61,BART_032.basePlot.ltr,D01,BART,BART_032,2016-09-19,2016-10-10,,2016-11-17,NEON.LTR.BART032293.20161010.NDL,NEON.LTR.BART032.20161010.NDL,NEON.LTR.BART032.20161010.NDL.CN,,"",,"",,,,,mday@field-ops.org,20211221T214309Z,RELEASE-2022
16cac260-655d-46ee-838b-014131665ff2,BART_034.basePlot.ltr,D01,BART,BART_034,2016-09-19,2016-10-10,,2016-11-17,NEON.LTR.BART034531.20161010.LVS|NEON.LTR.BART034451.20161010.LVS,NEON.LTR.BART034.20161010.LVS,NEON.LTR.BART034.20161010.LVS.CN,,"",,NEON.LTR.BART034.20161010.LVS.AR,,,,,mday@field-ops.org,20211221T214309Z,RELEASE-2022
6a1828cb-a38a-4c2c-af9e-63f866b5211f,BART_039.basePlot.ltr,D01,BART,BART_039,2016-09-19,2016-10-10,,2016-11-17,NEON.LTR.BART039930.20161010.LVS,NEON.LTR.BART039.20161010.LVS,NEON.LTR.BART039.20161010.LVS.CN,,"",,NEON.LTR.BART039.20161010.LVS.AR,,,,,mday@field-ops.org,20211221T214309Z,RELEASE-2022
a5e5f99e-1c23-46e9-83aa-398ff5e9dd86,BART_071.basePlot.ltr,D01,BART,BART_071,2016-09-19,2016-10-10,,2016-11-17,NEON.LTR.BART071382.20161010.NDL|NEON.LTR.BART071952.20161010.NDL,NEON.LTR.BART071.20161010.NDL,NEON.LTR.BART071.20161010.NDL.CN,,"",,NEON.LTR.BART071.20161010.NDL.AR,,,,,mday@field-ops.org,20211221T214309Z,RELEASE-2022
a842a56e-c01b-460e-a2dc-5b3d05969415,BART_041.basePlot.ltr,D01,BART,BART_041,2016-09-19,2016-10-10,,2016-11-17,NEON.LTR.BART041292.20161010.NDL,NEON.LTR.BART041.20161010.NDL,NEON.LTR.BART041.20161010.NDL.CN,,"",,NEON.LTR.BART041.20161010.NDL.AR,,,,,mday@field-ops.org,20211221T214309Z,RELEASE-2022
49ae6bd2-9406-4ece-8242-86f08f3d5e85,BART_070.basePlot.ltr,D01,BART,BART_070,2016-09-19,2016-10-11,,2016-11-17,NEON.LTR.BART070553.20161011.LVS|NEON.LTR.BART070790.20161011.LVS,NEON.LTR.BART070.20161011.LVS,NEON.LTR.BART070.20161011.LVS.CN,,"",,"",,,,,mday@field-ops.org,20211221T214309Z,RELEASE-2022
55017a81-d472-45dd-a03f-5635cd51fa4d,BART_070.basePlot.ltr,D01,BART,BART_070,2016-09-19,2016-10-11,,2016-11-16,NEON.LTR.BART070790.20161011.NDL|NEON.LTR.BART070553.20161011.NDL,NEON.LTR.BART070.20161011.NDL,NEON.LTR.BART070.20161011.NDL.CN,,"",,NEON.LTR.BART070.20161011.NDL.AR,,,,,mday@field-ops.org,20211221T214309Z,RELEASE-2022
7aba8839-d26d-4aac-a0bd-d52b5ac6ec60,BART_033.basePlot.ltr,D01,BART,BART_033,2016-09-19,2016-10-11,,2016-11-17,NEON.LTR.BART033923.20161011.LVS|NEON.LTR.BART033453.20161011.LVS,NEON.LTR.BART033.20161011.LVS,NEON.LTR.BART033.20161011.LVS.CN,,NEON.LTR.BART033.20161011.LVS.LIG,,"",,,,,mday@field-ops.org,20211221T214309Z,RELEASE-2022
eafa13af-5ac9-4137-b336-cd0ad4487722,BART_033.basePlot.ltr,D01,BART,BART_033,2016-09-19,2016-10-11,,2016-11-17,NEON.LTR.BART033453.20161011.NDL|NEON.LTR.BART033923.20161011.NDL,NEON.LTR.BART033.20161011.NDL,NEON.LTR.BART033.20161011.NDL.CN,,"",,"",,,,,mday@field-ops.org,20211221T214309Z,RELEASE-2022
7d7e51f8-e1ac-4fc0-8e23-b0ee73c58f2a,BART_047.basePlot.ltr,D01,BART,BART_047,2016-09-20,2016-10-10,,2016-11-17,NEON.LTR.BART047864.20161010.NDL|NEON.LTR.BART047046.20161010.NDL,NEON.LTR.BART047.20161010.NDL,NEON.LTR.BART047.20161010.NDL.CN,,"",,NEON.LTR.BART047.20161010.NDL.AR,,,,,mday@field-ops.org,20211221T214309Z,RELEASE-2022
364373e5-c744-4d97-b065-1cd925cc5220,BART_047.basePlot.ltr,D01,BART,BART_047,2016-09-20,2016-10-10,,2016-11-17,NEON.LTR.BART047046.20161010.LVS|NEON.LTR.BART047864.20161010.LVS,NEON.LTR.BART047.20161010.LVS,NEON.LTR.BART047.20161010.LVS.CN,,"",,NEON.LTR.BART047.20161010.LVS.AR,,,,,mday@field-ops.org,20211221T214309Z,RELEASE-2022
fb9b027d-eb83-4906-b873-3ab587c8742a,BART_051.basePlot.ltr,D01,BART,BART_051,2016-09-20,2016-10-10,,2016-11-17,NEON.LTR.BART051574.20161010.LVS,NEON.LTR.BART051.20161010.LVS,NEON.LTR.BART051.20161010.LVS.CN,,"",,NEON.LTR.BART051.20161010.LVS.AR,,,,,mday@field-ops.org,20211221T214309Z,RELEASE-2022
dc1d932a-4cfa-41e8-95de-b0bf58b573b4,BART_040.basePlot.ltr,D01,BART,BART_040,2016-09-20,2016-10-10,,2016-11-17,NEON.LTR.BART040158.20161010.LVS|NEON.LTR.BART040884.20161010.LVS,NEON.LTR.BART040.20161010.LVS,NEON.LTR.BART040.20161010.LVS.CN,,"",,NEON.LTR.BART040.20161010.LVS.AR,,,,,mday@field-ops.org,20211221T214309Z,RELEASE-2022
9d1c91d2-00b4-46bf-b92f-15d129917171,BART_051.basePlot.ltr,D01,BART,BART_051,2016-09-20,2016-10-10,,2016-11-17,NEON.LTR.BART051574.20161010.NDL,NEON.LTR.BART051.20161010.NDL,NEON.LTR.BART051.20161010.NDL.CN,,"",,NEON.LTR.BART051.20161010.NDL.AR,,,,,mday@field-ops.org,20211221T214309Z,RELEASE-2022
22b458fc-4e14-4327-a7f2-b54c22f134b4,BART_075.basePlot.ltr,D01,BART,BART_075,2016-09-20,2016-10-11,,2016-11-17,NEON.LTR.BART075389.20161011.NDL|NEON.LTR.BART075819.20161011.NDL,NEON.LTR.BART075.20161011.NDL,NEON.LTR.BART075.20161011.NDL.CN,,NEON.LTR.BART075.20161011.NDL.LIG,,"",,,,,mday@field-ops.org,20211221T214309Z,RELEASE-2022
429a3f78-abae-4b69-8643-a4738ff12859,BART_046.basePlot.ltr,D01,BART,BART_046,2016-09-20,2016-10-11,,2016-11-17,NEON.LTR.BART046852.20161011.LVS|NEON.LTR.BART046687.20161011.LVS,NEON.LTR.BART046.20161011.LVS,NEON.LTR.BART046.20161011.LVS.CN,,"",,NEON.LTR.BART046.20161011.LVS.AR,,,,,mday@field-ops.org,20211221T214309Z,RELEASE-2022
563f51bf-5d4e-4f1b-85dd-0e17b395e2bf,BART_050.basePlot.ltr,D01,BART,BART_050,2016-09-20,2016-10-11,,2016-11-17,NEON.LTR.BART050808.20161011.LVS|NEON.LTR.BART050046.20161011.LVS,NEON.LTR.BART050.20161011.LVS,NEON.LTR.BART050.20161011.LVS.CN,,"",,NEON.LTR.BART050.20161011.LVS.AR,,,,,mday@field-ops.org,20211221T214309Z,RELEASE-2022
c6cffbb1-a8a9-460f-8da5-e0147298d204,BART_074.basePlot.ltr,D01,BART,BART_074,2016-09-20,2016-10-11,,2016-11-17,NEON.LTR.BART074555.20161011.LVS|NEON.LTR.BART074942.20161011.LVS,NEON.LTR.BART074.20161011.LVS,NEON.LTR.BART074.20161011.LVS.CN,,"",,NEON.LTR.BART074.20161011.LVS.AR,,,,,mday@field-ops.org,20211221T214309Z,RELEASE-2022
63755957-f4ae-4e18-b46c-6fa2ddcb9630,BART_036.basePlot.ltr,D01,BART,BART_036,2016-09-20,2016-10-11,,2016-11-17,NEON.LTR.BART036151.20161011.NDL|NEON.LTR.BART036925.20161011.NDL,NEON.LTR.BART036.20161011.NDL,NEON.LTR.BART036.20161011.NDL.CN,,"",,"",,,,,mday@field-ops.org,20211221T214309Z,RELEASE-2022
d4162aaf-045c-439f-b735-e7906de39f8c,BART_036.basePlot.ltr,D01,BART,BART_036,2016-09-20,2016-10-11,,2016-11-17,NEON.LTR.BART036151.20161011.LVS|NEON.LTR.BART036925.20161011.LVS,NEON.LTR.BART036.20161011.LVS,NEON.LTR.BART036.20161011.LVS.CN,,"",,NEON.LTR.BART036.20161011.LVS.AR,,,,,mday@field-ops.org,20211221T214309Z,RELEASE-2022
58fe6449-1cc3-42b9-bedf-5a4bded7a2d7,BART_074.basePlot.ltr,D01,BART,BART_074,2016-09-20,2016-10-11,,2016-11-17,NEON.LTR.BART074555.20161011.NDL|NEON.LTR.BART074942.20161011.NDL,NEON.LTR.BART074.20161011.NDL,NEON.LTR.BART074.20161011.NDL.CN,,"",,NEON.LTR.BART074.20161011.NDL.AR,,,,,mday@field-ops.org,20211221T214309Z,RELEASE-2022
05f6e3ac-f103-4f83-a1ac-d91d0b58f216,BART_044.basePlot.ltr,D01,BART,BART_044,2016-09-20,2016-10-11,,2016-11-17,NEON.LTR.BART044531.20161011.NDL|NEON.LTR.BART044410.20161011.NDL,NEON.LTR.BART044.20161011.NDL,NEON.LTR.BART044.20161011.NDL.CN,,"",,NEON.LTR.BART044.20161011.NDL.AR,,,,,mday@field-ops.org,20211221T214309Z,RELEASE-2022
990c2ccf-a874-4b6e-b25f-3853e38b0e3e,BART_072.basePlot.ltr,D01,BART,BART_072,2016-09-20,2016-10-11,,2016-11-17,NEON.LTR.BART072162.20161011.NDL|NEON.LTR.BART072567.20161011.NDL,NEON.LTR.BART072.20161011.NDL,NEON.LTR.BART072.20161011.NDL.CN,,NEON.LTR.BART072.20161011.NDL.LIG,,"",,,,,mday@field-ops.org,20211221T214309Z,RELEASE-2022
22dbfff1-e029-4e88-9649-a1d05a7bd6e8,BART_042.basePlot.ltr,D01,BART,BART_042,2016-09-20,2016-10-11,,2016-11-17,NEON.LTR.BART042935.20161011.NDL|NEON.LTR.BART042587.20161011.NDL,NEON.LTR.BART042.20161011.NDL,NEON.LTR.BART042.20161011.NDL.CN,,NEON.LTR.BART042.20161011.NDL.LIG,,"",,,,,mday@field-ops.org,20211221T214309Z,RELEASE-2022
e5f92b0d-39d8-42a2-bd05-b69b77daf730,BART_037.basePlot.ltr,D01,BART,BART_037,2016-09-20,2016-10-11,,2016-11-17,NEON.LTR.BART037158.20161011.NDL|NEON.LTR.BART037884.20161011.NDL,NEON.LTR.BART037.20161011.NDL,NEON.LTR.BART037.20161011.NDL.CN,,"",,"",,,,,mday@field-ops.org,20211221T214309Z,RELEASE-2022
50d22823-a123-46a2-925f-5efb6bcab383,BART_037.basePlot.ltr,D01,BART,BART_037,2016-09-20,2016-10-11,,2016-11-17,NEON.LTR.BART037158.20161011.LVS|NEON.LTR.BART037884.20161011.LVS,NEON.LTR.BART037.20161011.LVS,NEON.LTR.BART037.20161011.LVS.CN,,"",,NEON.LTR.BART037.20161011.LVS.AR,,,,,mday@field-ops.org,20211221T214309Z,RELEASE-2022
766af381-d09f-40f3-a512-6b2cbe9af434,BART_042.basePlot.ltr,D01,BART,BART_042,2016-09-20,2016-10-11,,2016-11-17,NEON.LTR.BART042587.20161011.LVS|NEON.LTR.BART042935.20161011.LVS,NEON.LTR.BART042.20161011.LVS,NEON.LTR.BART042.20161011.LVS.CN,,"",,NEON.LTR.BART042.20161011.LVS.AR,,,,,mday@field-ops.org,20211221T214309Z,RELEASE-2022
8deeff93-19c1-4139-b117-013e45dfd3e0,BART_075.basePlot.ltr,D01,BART,BART_075,2016-09-20,2016-10-11,,2016-11-17,NEON.LTR.BART075389.20161011.LVS|NEON.LTR.BART075819.20161011.LVS,NEON.LTR.BART075.20161011.LVS,NEON.LTR.BART075.20161011.LVS.CN,,NEON.LTR.BART075.20161011.LVS.LIG,,"",,,,,mday@field-ops.org,20211221T214309Z,RELEASE-2022
2d86f6c7-6a74-4204-bf24-c7096f0d7a8f,BART_072.basePlot.ltr,D01,BART,BART_072,2016-09-20,2016-10-11,,2016-11-17,NEON.LTR.BART072567.20161011.LVS|NEON.LTR.BART072162.20161011.LVS,NEON.LTR.BART072.20161011.LVS,NEON.LTR.BART072.20161011.LVS.CN,,"",,NEON.LTR.BART072.20161011.LVS.AR,,,,,mday@field-ops.org,20211221T214309Z,RELEASE-2022
f431e096-964b-4f9b-89b6-27d82dc24d8a,BART_044.basePlot.ltr,D01,BART,BART_044,2016-09-20,2016-10-11,,2016-11-17,NEON.LTR.BART044410.20161011.LVS|NEON.LTR.BART044531.20161011.LVS,NEON.LTR.BART044.20161011.LVS,NEON.LTR.BART044.20161011.LVS.CN,,NEON.LTR.BART044.20161011.LVS.LIG,,"",,,,,mday@field-ops.org,20211221T214309Z,RELEASE-2022
9fdb2812-e07b-4e03-998b-dd5ec1030d25,BART_050.basePlot.ltr,D01,BART,BART_050,2016-09-20,2016-10-11,,2016-11-17,NEON.LTR.BART050808.20161011.NDL|NEON.LTR.BART050046.20161011.NDL,NEON.LTR.BART050.20161011.NDL,NEON.LTR.BART050.20161011.NDL.CN,,"",,NEON.LTR.BART050.20161011.NDL.AR,,,,,mday@field-ops.org,20211221T214309Z,RELEASE-2022
23075fd1-9821-44e1-a2fd-62c579c12cc8,BART_046.basePlot.ltr,D01,BART,BART_046,2016-09-20,2016-10-11,,2016-11-16,NEON.LTR.BART046687.20161011.NDL,NEON.LTR.BART046.20161011.NDL,NEON.LTR.BART046.20161011.NDL.CN,,"",,"",,,,,mday@field-ops.org,20211221T214309Z,RELEASE-2022
247c4441-bff7-4542-9688-5cda5d25074f,HARV_041.basePlot.ltr,D01,HARV,HARV_041,2018-10-01,2018-10-15,,2018-10-23,NEON.LTR.HARV041620.20181015.LVS|NEON.LTR.HARV041264.20181015.LVS,NEON.LTR.HARV041.20181015.LVS,NEON.LTR.HARV041.20181015.LVS.CN,A00000032829,NEON.LTR.HARV041.20181015.LVS.LIG,A00000032839,NEON.LTR.HARV041.20181015.LVS.AR,A00000032830,,,,opiscitelli@battelleecology.org,20211221T230847Z,RELEASE-2022
ea58e593-050f-420c-a1d4-43ddba7162cb,HARV_048.basePlot.ltr,D01,HARV,HARV_048,2018-10-01,2018-10-15,,2018-10-24,NEON.LTR.HARV048355.20181015.LVS|NEON.LTR.HARV048701.20181015.LVS,NEON.LTR.HARV048.20181015.LVS,NEON.LTR.HARV048.20181015.LVS.CN,A00000032815,NEON.LTR.HARV048.20181015.LVS.LIG,A00000032794,NEON.LTR.HARV048.20181015.LVS.AR,A00000032778,,,,opiscitelli@battelleecology.org,20211221T230847Z,RELEASE-2022
f228086f-b50f-487b-a8cf-4743a8f24171,HARV_040.basePlot.ltr,D01,HARV,HARV_040,2018-10-01,2018-10-15,,2018-10-24,NEON.LTR.HARV040849.20181015.LVS|NEON.LTR.HARV040292.20181015.LVS,NEON.LTR.HARV040.20181015.LVS,NEON.LTR.HARV040.20181015.LVS.CN,AA00000032806,NEON.LTR.HARV040.20181015.LVS.LIG,A00000032744,NEON.LTR.HARV040.20181015.LVS.AR,A00000032764,,,,opiscitelli@battelleecology.org,20211221T230847Z,RELEASE-2022
cfee455a-cccd-41cc-998e-9882f8f55b33,HARV_035.basePlot.ltr,D01,HARV,HARV_035,2018-10-01,2018-10-15,,2018-10-25,NEON.LTR.HARV035120.20181015.NDL|NEON.LTR.HARV035402.20181015.NDL,NEON.LTR.HARV035.20181015.NDL,NEON.LTR.HARV035.20181015.NDL.CN,A00000032798,NEON.LTR.HARV035.20181015.NDL.LIG,A00000032816,"","",,,,opiscitelli@battelleecology.org,20211221T230847Z,RELEASE-2022
36e6fade-dd91-4282-a123-9b27685e160c,HARV_050.basePlot.ltr,D01,HARV,HARV_050,2018-10-01,2018-10-15,,2018-10-24,NEON.LTR.HARV050043.20181015.NDL|NEON.LTR.HARV050947.20181015.NDL,NEON.LTR.HARV050.20181015.NDL,NEON.LTR.HARV050.20181015.NDL.CN,A00000032795,NEON.LTR.HARV050.20181015.NDL.LIG,A00000032817,NEON.LTR.HARV050.20181015.NDL.AR,A00000032820,,,,opiscitelli@battelleecology.org,20211221T230847Z,RELEASE-2022
634f4bdc-f41f-4764-bb9b-b6b9f40c836d,HARV_045.basePlot.ltr,D01,HARV,HARV_045,2018-10-01,2018-10-15,,2018-10-23,NEON.LTR.HARV045265.20181015.LVS|NEON.LTR.HARV045201.20181015.LVS,NEON.LTR.HARV045.20181015.LVS,NEON.LTR.HARV045.20181015.LVS.CN,A00000032810,NEON.LTR.HARV045.20181015.LVS.LIG,A00000032814,NEON.LTR.HARV045.20181015.LVS.AR,A00000032813,,,,opiscitelli@battelleecology.org,20211221T230847Z,RELEASE-2022
22c498d6-ac73-4cc6-b760-4400cc1d60c3,HARV_037.basePlot.ltr,D01,HARV,HARV_037,2018-10-01,2018-10-15,,2018-10-23,NEON.LTR.HARV037849.20181015.LVS|NEON.LTR.HARV037292.20181015.LVS,NEON.LTR.HARV037.20181015.LVS,NEON.LTR.HARV037.20181015.LVS.CN,A00000032856,NEON.LTR.HARV037.20181015.LVS.LIG,A00000032826,NEON.LTR.HARV037.20181015.LVS.AR,A00000032827,,,,opiscitelli@battelleecology.org,20211221T230847Z,RELEASE-2022
63132ec9-8475-4a6c-aea8-01e0ae9c527c,HARV_052.basePlot.ltr,D01,HARV,HARV_052,2018-10-01,2018-10-15,,2018-10-23,NEON.LTR.HARV052314.20181015.LVS|NEON.LTR.HARV052902.20181015.LVS,NEON.LTR.HARV052.20181015.LVS,NEON.LTR.HARV052.20181015.LVS.CN,A00000032772,NEON.LTR.HARV052.20181015.LVS.LIG,A00000032763,NEON.LTR.HARV052.20181015.LVS.AR,A00000032779,,,,opiscitelli@battelleecology.org,20211221T230847Z,RELEASE-2022
1c902d38-2cd2-4d6d-b0b8-a66db3e2d810,HARV_036.basePlot.ltr,D01,HARV,HARV_036,2018-10-01,2018-10-15,,2018-10-23,NEON.LTR.HARV036426.20181015.LVS|NEON.LTR.HARV036182.20181015.LVS,NEON.LTR.HARV036.20181015.LVS,NEON.LTR.HARV036.20181015.LVS.CN,A00000032756,NEON.LTR.HARV036.20181015.LVS.LIG,A00000032838,NEON.LTR.HARV036.20181015.LVS.AR,A00000032828,,,,opiscitelli@battelleecology.org,20211221T230847Z,RELEASE-2022
3ac4cb64-eb5a-4017-ad57-600b611096c9,HARV_046.basePlot.ltr,D01,HARV,HARV_046,2018-10-01,2018-10-15,,2018-10-23,NEON.LTR.HARV046775.20181015.LVS|NEON.LTR.HARV046204.20181015.LVS,NEON.LTR.HARV046.20181015.LVS,NEON.LTR.HARV046.20181015.LVS.CN,A00000032857,NEON.LTR.HARV046.20181015.LVS.LIG,A00000032858,NEON.LTR.HARV046.20181015.LVS.AR,A00000032859,,,,opiscitelli@battelleecology.org,20211221T230847Z,RELEASE-2022
6909e87f-0f9d-4cdc-af04-e9e1593e1fc7,HARV_048.basePlot.ltr,D01,HARV,HARV_048,2018-10-01,2018-10-15,,2018-10-25,NEON.LTR.HARV048355.20181015.NDL|NEON.LTR.HARV048701.20181015.NDL,NEON.LTR.HARV048.20181015.NDL,NEON.LTR.HARV048.20181015.NDL.CN,A00000032808,NEON.LTR.HARV048.20181015.NDL.LIG,A00000032746,NEON.LTR.HARV048.20181015.NDL.AR,A00000032785,,,,opiscitelli@battelleecology.org,20211221T230847Z,RELEASE-2022
beff9480-e4cd-4616-90ec-10788d92813f,HARV_050.basePlot.ltr,D01,HARV,HARV_050,2018-10-01,2018-10-15,,2018-10-24,NEON.LTR.HARV050947.20181015.LVS|NEON.LTR.HARV050043.20181015.LVS,NEON.LTR.HARV050.20181015.LVS,NEON.LTR.HARV050.20181015.LVS.CN,A00000032782,NEON.LTR.HARV050.20181015.LVS.LIG,A00000032840,NEON.LTR.HARV050.20181015.LVS.AR,A00000032754,,,,opiscitelli@battelleecology.org,20211221T230847Z,RELEASE-2022
5dc5345a-c668-440c-b933-7e10f9a5af01,HARV_043.basePlot.ltr,D01,HARV,HARV_043,2018-10-01,2018-10-15,,2018-10-24,NEON.LTR.HARV043007.20181015.LVS|NEON.LTR.HARV043550.20181015.LVS,NEON.LTR.HARV043.20181015.LVS,NEON.LTR.HARV043.20181015.LVS.CN,A00000032797,NEON.LTR.HARV043.20181015.LVS.LIG,A00000032761,NEON.LTR.HARV043.20181015.LVS.AR,A00000032767,,,,opiscitelli@battelleecology.org,20211221T230847Z,RELEASE-2022
e67bcfa2-1e43-4fce-82ef-97a82e1ea981,HARV_038.basePlot.ltr,D01,HARV,HARV_038,2018-10-01,2018-10-15,,2018-10-24,NEON.LTR.HARV038543.20181015.LVS|NEON.LTR.HARV038363.20181015.LVS,NEON.LTR.HARV038.20181015.LVS,NEON.LTR.HARV038.20181015.LVS.CN,A00000032793,NEON.LTR.HARV038.20181015.LVS.LIG,A00000032777,NEON.LTR.HARV038.20181015.LVS.AR,A00000032765,,,,opiscitelli@battelleecology.org,20211221T230847Z,RELEASE-2022
4d60ec43-06fd-4e9a-b148-cc8217ec157f,HARV_035.basePlot.ltr,D01,HARV,HARV_035,2018-10-01,2018-10-15,,2018-10-24,NEON.LTR.HARV035402.20181015.LVS|NEON.LTR.HARV035120.20181015.LVS,NEON.LTR.HARV035.20181015.LVS,NEON.LTR.HARV035.20181015.LVS.CN,A00000032743,NEON.LTR.HARV035.20181015.LVS.LIG,A00000032805,NEON.LTR.HARV035.20181015.LVS.AR,A00000032788,,,,opiscitelli@battelleecology.org,20211221T230847Z,RELEASE-2022
252abe33-a7cc-4bb4-9cbb-5c2d9e1529cc,HARV_052.basePlot.ltr,D01,HARV,HARV_052,2018-10-01,2018-10-15,,2018-10-25,NEON.LTR.HARV052314.20181015.NDL|NEON.LTR.HARV052902.20181015.NDL,NEON.LTR.HARV052.20181015.NDL,NEON.LTR.HARV052.20181015.NDL.CN,A00000032741,NEON.LTR.HARV052.20181015.NDL.LIG,A00000032775,NEON.LTR.HARV052.20181015.NDL.AR,A00000032768,,,,opiscitelli@battelleecology.org,20211221T230847Z,RELEASE-2022
d1293ff3-7551-4fd6-82e3-b519bc3ee1b7,HARV_041.basePlot.ltr,D01,HARV,HARV_041,2018-10-01,2018-10-15,,2018-10-24,NEON.LTR.HARV041620.20181015.NDL|NEON.LTR.HARV041264.20181015.NDL,NEON.LTR.HARV041.20181015.NDL,NEON.LTR.HARV041.20181015.NDL.CN,A00000032784,NEON.LTR.HARV041.20181015.NDL.LIG,A00000032804,NEON.LTR.HARV041.20181015.NDL.AR,A00000032747,,,,opiscitelli@battelleecology.org,20211221T230847Z,RELEASE-2022
89379c30-3217-4fbc-b916-7313f0ef62a5,HARV_046.basePlot.ltr,D01,HARV,HARV_046,2018-10-01,2018-10-15,,2018-10-24,NEON.LTR.HARV046204.20181015.NDL|NEON.LTR.HARV046775.20181015.NDL,NEON.LTR.HARV046.20181015.NDL,NEON.LTR.HARV046.20181015.NDL.CN,A00000032748,NEON.LTR.HARV046.20181015.NDL.LIG,A00000032824,NEON.LTR.HARV046.20181015.NDL.AR,A00000032834,,,,opiscitelli@battelleecology.org,20211221T230847Z,RELEASE-2022
4e993ce6-3d0f-4895-a024-9deeb0ee34c0,HARV_049.basePlot.ltr,D01,HARV,HARV_049,2018-10-01,2018-10-15,,2018-10-24,NEON.LTR.HARV049890.20181015.LVS|NEON.LTR.HARV049437.20181015.LVS,NEON.LTR.HARV049.20181015.LVS,NEON.LTR.HARV049.20181015.LVS.CN,A00000032745,NEON.LTR.HARV049.20181015.LVS.LIG,A00000032766,NEON.LTR.HARV049.20181015.LVS.AR,A00000032776,,,,opiscitelli@battelleecology.org,20211221T230847Z,RELEASE-2022
6fd29e88-5543-4d22-b606-2265f01d7a49,HARV_037.basePlot.ltr,D01,HARV,HARV_037,2018-10-01,2018-10-15,,2018-10-25,NEON.LTR.HARV037849.20181015.NDL|NEON.LTR.HARV037292.20181015.NDL,NEON.LTR.HARV037.20181015.NDL,NEON.LTR.HARV037.20181015.NDL.CN,A00000032791,NEON.LTR.HARV037.20181015.NDL.LIG,A00000032786,NEON.LTR.HARV037.20181015.NDL.AR,A00000032750,,,,opiscitelli@battelleecology.org,20211221T230847Z,RELEASE-2022
e1797107-086f-47c6-a548-d34125559eb0,HARV_051.basePlot.ltr,D01,HARV,HARV_051,2018-10-01,2018-10-15,,2018-10-25,NEON.LTR.HARV051361.20181015.NDL|NEON.LTR.HARV051571.20181015.NDL,NEON.LTR.HARV051.20181015.NDL,NEON.LTR.HARV051.20181015.NDL.CN,A00000032821,"","","","",,,,opiscitelli@battelleecology.org,20211221T230847Z,RELEASE-2022
0429f127-9958-47a0-ba65-b6afe97bb90f,HARV_033.basePlot.ltr,D01,HARV,HARV_033,2018-10-01,2018-10-15,,2018-10-24,NEON.LTR.HARV033397.20181015.NDL|NEON.LTR.HARV033209.20181015.NDL,NEON.LTR.HARV033.20181015.NDL,NEON.LTR.HARV033.20181015.NDL.CN,A00000032749,NEON.LTR.HARV033.20181015.NDL.LIG,A00000032835,NEON.LTR.HARV033.20181015.NDL.AR,A00000032823,,,,opiscitelli@battelleecology.org,20211221T230847Z,RELEASE-2022
16e545c7-b62d-4741-a86d-53fd0a77a515,HARV_038.basePlot.ltr,D01,HARV,HARV_038,2018-10-01,2018-10-15,,2018-10-25,NEON.LTR.HARV038363.20181015.NDL|NEON.LTR.HARV038543.20181015.NDL,NEON.LTR.HARV038.20181015.NDL,NEON.LTR.HARV038.20181015.NDL.CN,A00000032771,NEON.LTR.HARV038.20181015.NDL.LIG,A00000032760,"","",,,,opiscitelli@battelleecology.org,20211221T230847Z,RELEASE-2022
ac1644a1-6547-4963-9d4a-c5df92d8432a,HARV_040.basePlot.ltr,D01,HARV,HARV_040,2018-10-01,2018-10-15,,2018-10-25,NEON.LTR.HARV040849.20181015.NDL|NEON.LTR.HARV040292.20181015.NDL,NEON.LTR.HARV040.20181015.NDL,NEON.LTR.HARV040.20181015.NDL.CN,A00000032818,NEON.LTR.HARV040.20181015.NDL.LIG,A00000032799,"","",,,,opiscitelli@battelleecology.org,20211221T230847Z,RELEASE-2022
5b342f8e-c3bc-4b38-b6ae-44f2e895d6b8,HARV_045.basePlot.ltr,D01,HARV,HARV_045,2018-10-01,2018-10-15,,2018-10-25,NEON.LTR.HARV045201.20181015.NDL|NEON.LTR.HARV045265.20181015.NDL,NEON.LTR.HARV045.20181015.NDL,NEON.LTR.HARV045.20181015.NDL.CN,A00000032753,"","","","",,,,opiscitelli@battelleecology.org,20211221T230847Z,RELEASE-2022
6c82a661-318b-42f6-b05f-4c0462e828eb,HARV_051.basePlot.ltr,D01,HARV,HARV_051,2018-10-01,2018-10-15,,2018-10-24,NEON.LTR.HARV051571.20181015.LVS|NEON.LTR.HARV051361.20181015.LVS,NEON.LTR.HARV051.20181015.LVS,NEON.LTR.HARV051.20181015.LVS.CN,A00000032832,NEON.LTR.HARV051.20181015.LVS.LIG,A00000032842,NEON.LTR.HARV051.20181015.LVS.AR,A00000032819,,,,opiscitelli@battelleecology.org,20211221T230847Z,RELEASE-2022
f26d4bb8-7127-4051-b839-c5ae95fd18cb,HARV_033.basePlot.ltr,D01,HARV,HARV_033,2018-10-01,2018-10-15,,2018-10-24,NEON.LTR.HARV033209.20181015.LVS|NEON.LTR.HARV033397.20181015.LVS,NEON.LTR.HARV033.20181015.LVS,NEON.LTR.HARV033.20181015.LVS.CN,A00000032755,NEON.LTR.HARV033.20181015.LVS.LIG,A00000032781,NEON.LTR.HARV033.20181015.LVS.AR,A00000032807,,,,opiscitelli@battelleecology.org,20211221T230847Z,RELEASE-2022
05502651-5d01-4fb0-b967-b86cd8a2ee78,HARV_043.basePlot.ltr,D01,HARV,HARV_043,2018-10-01,2018-10-15,,2018-10-25,NEON.LTR.HARV043007.20181015.NDL|NEON.LTR.HARV043550.20181015.NDL,NEON.LTR.HARV043.20181015.NDL,NEON.LTR.HARV043.20181015.NDL.CN,A00000032837,NEON.LTR.HARV043.20181015.NDL.LIG,A00000032836,NEON.LTR.HARV043.20181015.NDL.AR,A00000032822,,,,opiscitelli@battelleecology.org,20211221T230847Z,RELEASE-2022
26627837-374c-407c-b14f-54505be9672c,HARV_049.basePlot.ltr,D01,HARV,HARV_049,2018-10-01,2018-10-15,,2018-10-24,NEON.LTR.HARV049890.20181015.NDL|NEON.LTR.HARV049437.20181015.NDL,NEON.LTR.HARV049.20181015.NDL,NEON.LTR.HARV049.20181015.NDL.CN,A00000032774,NEON.LTR.HARV049.20181015.NDL.LIG,A00000032802,NEON.LTR.HARV049.20181015.NDL.AR,A00000032789,,,,opiscitelli@battelleecology.org,20211221T230847Z,RELEASE-2022
9b0bfc73-ab7a-4746-b1b0-538f4b5d91fb,HARV_039.basePlot.ltr,D01,HARV,HARV_039,2018-10-01,2018-10-16,,2018-10-24,NEON.LTR.HARV039872.20181016.NDL|NEON.LTR.HARV039660.20181016.NDL,NEON.LTR.HARV039.20181016.NDL,NEON.LTR.HARV039.20181016.NDL.CN,A00000032759,NEON.LTR.HARV039.20181016.NDL.LIG,A00000032770,NEON.LTR.HARV039.20181016.NDL.AR,A00000032742,,,,opiscitelli@battelleecology.org,20211221T230847Z,RELEASE-2022
6a50c46a-69e2-4aba-8d42-cbbe38f06fa5,HARV_042.basePlot.ltr,D01,HARV,HARV_042,2018-10-01,2018-10-16,,2018-10-24,NEON.LTR.HARV042699.20181016.LVS|NEON.LTR.HARV042858.20181016.LVS,NEON.LTR.HARV042.20181016.LVS,NEON.LTR.HARV042.20181016.LVS.CN,A00000032841,NEON.LTR.HARV042.20181016.LVS.LIG,A00000032752,NEON.LTR.HARV042.20181016.LVS.AR,A00000032831,,,,opiscitelli@battelleecology.org,20211221T230847Z,RELEASE-2022
d9d674e1-b54d-4c47-8779-15aec2cd8e1e,HARV_034.basePlot.ltr,D01,HARV,HARV_034,2018-10-01,2018-10-16,,2018-10-24,NEON.LTR.HARV034371.20181016.NDL|NEON.LTR.HARV034608.20181016.NDL,NEON.LTR.HARV034.20181016.NDL,NEON.LTR.HARV034.20181016.NDL.CN,A00000032758,NEON.LTR.HARV034.20181016.NDL.LIG,A00000032769,NEON.LTR.HARV034.20181016.NDL.AR,A00000032796,,,,opiscitelli@battelleecology.org,20211221T230847Z,RELEASE-2022
65f40ac3-e7ce-452c-8d8c-19030101b893,HARV_042.basePlot.ltr,D01,HARV,HARV_042,2018-10-01,2018-10-16,,2018-10-24,NEON.LTR.HARV042699.20181016.NDL|NEON.LTR.HARV042858.20181016.NDL,NEON.LTR.HARV042.20181016.NDL,NEON.LTR.HARV042.20181016.NDL.CN,A00000032833,NEON.LTR.HARV042.20181016.NDL.LIG,A00000032751,NEON.LTR.HARV042.20181016.NDL.AR,A00000032825,,,,opiscitelli@battelleecology.org,20211221T230847Z,RELEASE-2022
0d41da36-0249-4516-8af2-5e4a3dc3a83e,HARV_044.basePlot.ltr,D01,HARV,HARV_044,2018-10-01,2018-10-16,,2018-10-24,NEON.LTR.HARV044111.20181016.NDL|NEON.LTR.HARV044815.20181016.NDL,NEON.LTR.HARV044.20181016.NDL,NEON.LTR.HARV044.20181016.NDL.CN,A00000032790,NEON.LTR.HARV044.20181016.NDL.LIG,A00000032803,"","",,,,opiscitelli@battelleecology.org,20211221T230847Z,RELEASE-2022
42b34ac7-1d20-4bd3-9cfa-d8230824645c,HARV_039.basePlot.ltr,D01,HARV,HARV_039,2018-10-01,2018-10-16,,2018-10-23,NEON.LTR.HARV039872.20181016.LVS|NEON.LTR.HARV039660.20181016.LVS,NEON.LTR.HARV039.20181016.LVS,NEON.LTR.HARV039.20181016.LVS.CN,A00000032800,NEON.LTR.HARV039.20181016.LVS.LIG,A00000032787,NEON.LTR.HARV039.20181016.LVS.AR,A00000032757,,,,opiscitelli@battelleecology.org,20211221T230847Z,RELEASE-2022
4e2c80cb-24d6-4cdb-be6c-4db3cfee7ef9,HARV_047.basePlot.ltr,D01,HARV,HARV_047,2018-10-01,2018-10-16,,2018-10-23,NEON.LTR.HARV047947.20181016.LVS|NEON.LTR.HARV047111.20181016.LVS,NEON.LTR.HARV047.20181016.LVS,NEON.LTR.HARV047.20181016.LVS.CN,A00000032762,NEON.LTR.HARV047.20181016.LVS.LIG,A00000032780,NEON.LTR.HARV047.20181016.LVS.AR,A00000032809,,,,opiscitelli@battelleecology.org,20211221T230847Z,RELEASE-2022
5f8073ed-4fe4-4b15-aae8-d141f8a5b8ad,HARV_044.basePlot.ltr,D01,HARV,HARV_044,2018-10-01,2018-10-16,,2018-10-23,NEON.LTR.HARV044111.20181016.LVS|NEON.LTR.HARV044815.20181016.LVS,NEON.LTR.HARV044.20181016.LVS,NEON.LTR.HARV044.20181016.LVS.CN,A00000032783,NEON.LTR.HARV044.20181016.LVS.LIG,A00000032801,NEON.LTR.HARV044.20181016.LVS.AR,A00000032773,,,,opiscitelli@battelleecology.org,20211221T230847Z,RELEASE-2022
b1a6ce0a-ef1d-467a-a6b3-16db1f1e1794,HARV_034.basePlot.ltr,D01,HARV,HARV_034,2018-10-01,2018-10-16,,2018-10-24,NEON.LTR.HARV034608.20181016.LVS|NEON.LTR.HARV034371.20181016.LVS,NEON.LTR.HARV034.20181016.LVS,NEON.LTR.HARV034.20181016.LVS.CN,A00000032811,NEON.LTR.HARV034.20181016.LVS.LIG,A00000032812,NEON.LTR.HARV034.20181016.LVS.AR,A00000032792,,,,opiscitelli@battelleecology.org,20211221T230847Z,RELEASE-2022
6d0168fc-1abc-4168-afe7-4232a2775ae8,TREE_050.basePlot.ltr,D05,TREE,TREE_050,2020-09-14,2020-09-28,LTR.2020.TREE.03,2021-01-22,NEON.LTR.TREE050938.20200928.NDL|NEON.LTR.TREE050523.20200928.NDL,NEON.LTR.TREE050.20200928.NDL,NEON.LTR.TREE050.20200928.NDL.CN,B00000081065,NEON.LTR.TREE050.20200928.NDL.LIG,B00000081072,NEON.LTR.TREE050.20200928.NDL.AR,B00000081073,3.4,N,,0000-0002-3030-0990,20211221T235036Z,RELEASE-2022
02cb082b-447f-49f8-ae44-31deaae78040,TREE_052.basePlot.ltr,D05,TREE,TREE_052,2020-09-14,2020-09-28,LTR.2020.TREE.03,2021-01-22,NEON.LTR.TREE052313.20200928.NDL|NEON.LTR.TREE052066.20200928.NDL,NEON.LTR.TREE052.20200928.NDL,NEON.LTR.TREE052.20200928.NDL.CN,B00000081075,NEON.LTR.TREE052.20200928.NDL.LIG,B00000081076,NEON.LTR.TREE052.20200928.NDL.AR,B00000081074,3.3,N,,0000-0002-3030-0990,20211221T235036Z,RELEASE-2022
6d4918e5-c200-4b2b-b896-fea4ece0a4c9,TREE_048.basePlot.ltr,D05,TREE,TREE_048,2020-09-14,2020-09-28,LTR.2020.TREE.03,2021-01-22,NEON.LTR.TREE048810.20200928.NDL,NEON.LTR.TREE048.20200928.NDL,NEON.LTR.TREE048.20200928.NDL.CN,B00000081019,NEON.LTR.TREE048.20200928.NDL.LIG,B00000081062,"","",,N,,0000-0002-3030-0990,20211221T235036Z,RELEASE-2022
a5481bcc-6e23-4da5-bcd4-ffc7b2033db3,TREE_047.basePlot.ltr,D05,TREE,TREE_047,2020-09-14,2020-09-28,LTR.2020.TREE.03,2021-01-22,NEON.LTR.TREE047938.20200928.NDL,NEON.LTR.TREE047.20200928.NDL,NEON.LTR.TREE047.20200928.NDL.CN,B00000081066,NEON.LTR.TREE047.20200928.NDL.LIG,B00000081064,"","",,N,,0000-0002-3030-0990,20211221T235036Z,RELEASE-2022
1b912402-7f09-4bdb-8e3f-22a78c7ee64b,TREE_045.basePlot.ltr,D05,TREE,TREE_045,2020-09-14,2020-09-28,LTR.2020.TREE.03,2021-01-20,NEON.LTR.TREE045693.20200928.NDL|NEON.LTR.TREE045349.20200928.NDL,NEON.LTR.TREE045.20200928.NDL,NEON.LTR.TREE045.20200928.NDL.CN,B00000081069,NEON.LTR.TREE045.20200928.NDL.LIG,B00000081067,NEON.LTR.TREE045.20200928.NDL.AR,B00000081068,4.13,N,,0000-0002-3030-0990,20211221T235036Z,RELEASE-2022
ea5588e6-d95e-442f-a3c3-3fa5f3c5c8e6,TREE_043.basePlot.ltr,D05,TREE,TREE_043,2020-09-14,2020-09-28,LTR.2020.TREE.03,2021-01-20,NEON.LTR.TREE043613.20200928.NDL|NEON.LTR.TREE043804.20200928.NDL,NEON.LTR.TREE043.20200928.NDL,NEON.LTR.TREE043.20200928.NDL.CN,B00000081071,NEON.LTR.TREE043.20200928.NDL.LIG,B00000081070,NEON.LTR.TREE043.20200928.NDL.AR,B00000081023,3.74,N,,0000-0002-3030-0990,20211221T235036Z,RELEASE-2022
2e77f535-fa68-4cca-8baa-41f0a4bccc45,TREE_043.basePlot.ltr,D05,TREE,TREE_043,2020-09-14,2020-09-28,LTR.2020.TREE.03,2021-01-19,NEON.LTR.TREE043804.20200928.LVS|NEON.LTR.TREE043613.20200928.LVS,NEON.LTR.TREE043.20200928.LVS,NEON.LTR.TREE043.20200928.LVS.CN,B00000081034,NEON.LTR.TREE043.20200928.LVS.LIG,B00000081035,NEON.LTR.TREE043.20200928.LVS.AR,B00000081033,8.35,N,,0000-0002-3030-0990,20211221T235036Z,RELEASE-2022
5086f2be-24b9-475a-865f-cf3092598163,TREE_045.basePlot.ltr,D05,TREE,TREE_045,2020-09-14,2020-09-28,LTR.2020.TREE.03,2021-01-19,NEON.LTR.TREE045349.20200928.LVS|NEON.LTR.TREE045693.20200928.LVS,NEON.LTR.TREE045.20200928.LVS,NEON.LTR.TREE045.20200928.LVS.CN,B00000081040,NEON.LTR.TREE045.20200928.LVS.LIG,B00000081049,NEON.LTR.TREE045.20200928.LVS.AR,B00000081050,5.82,N,,0000-0002-3030-0990,20211221T235036Z,RELEASE-2022
2ef9f6b6-4d37-4e74-8dca-bb86c1d22e1b,TREE_044.basePlot.ltr,D05,TREE,TREE_044,2020-09-14,2020-09-28,LTR.2020.TREE.03,2021-01-19,NEON.LTR.TREE044764.20200928.LVS|NEON.LTR.TREE044601.20200928.LVS,NEON.LTR.TREE044.20200928.LVS,NEON.LTR.TREE044.20200928.LVS.CN,B00000081038,NEON.LTR.TREE044.20200928.LVS.LIG,B00000081036,NEON.LTR.TREE044.20200928.LVS.AR,B00000081039,5.6,N,,0000-0002-3030-0990,20211221T235036Z,RELEASE-2022
15f69b3f-6f92-457b-a343-02770d8388ec,TREE_046.basePlot.ltr,D05,TREE,TREE_046,2020-09-14,2020-09-28,LTR.2020.TREE.03,2021-01-19,NEON.LTR.TREE046663.20200928.LVS|NEON.LTR.TREE046268.20200928.LVS,NEON.LTR.TREE046.20200928.LVS,NEON.LTR.TREE046.20200928.LVS.CN,B00000081048,NEON.LTR.TREE046.20200928.LVS.LIG,B00000081047,NEON.LTR.TREE046.20200928.LVS.AR,B00000081046,6.5,N,,0000-0002-3030-0990,20211221T235036Z,RELEASE-2022
55ec452d-8104-408a-bc11-3ed298809fa2,TREE_047.basePlot.ltr,D05,TREE,TREE_047,2020-09-14,2020-09-28,LTR.2020.TREE.03,2021-01-19,NEON.LTR.TREE047938.20200928.LVS|NEON.LTR.TREE047523.20200928.LVS,NEON.LTR.TREE047.20200928.LVS,NEON.LTR.TREE047.20200928.LVS.CN,B00000081043,NEON.LTR.TREE047.20200928.LVS.LIG,B00000081044,NEON.LTR.TREE047.20200928.LVS.AR,B00000081045,6.32,N,,0000-0002-3030-0990,20211221T235036Z,RELEASE-2022
a9c8b10c-547b-4611-8f34-885e1ecf2580,TREE_052.basePlot.ltr,D05,TREE,TREE_052,2020-09-14,2020-09-28,LTR.2020.TREE.03,2021-01-19,NEON.LTR.TREE052066.20200928.LVS|NEON.LTR.TREE052313.20200928.LVS,NEON.LTR.TREE052.20200928.LVS,NEON.LTR.TREE052.20200928.LVS.CN,B00000081060,NEON.LTR.TREE052.20200928.LVS.LIG,B00000081061,NEON.LTR.TREE052.20200928.LVS.AR,B00000081059,6.05,N,,0000-0002-3030-0990,20211221T235036Z,RELEASE-2022
616a495c-23d2-4e5e-968a-d0429ae26a97,TREE_050.basePlot.ltr,D05,TREE,TREE_050,2020-09-14,2020-09-28,LTR.2020.TREE.03,2021-01-19,NEON.LTR.TREE050523.20200928.LVS,NEON.LTR.TREE050.20200928.LVS,NEON.LTR.TREE050.20200928.LVS.CN,B00000081055,"","","","",,N,,0000-0002-3030-0990,20211221T235036Z,RELEASE-2022
1830361e-06fd-48dc-9910-78c629b1cbb2,TREE_051.basePlot.ltr,D05,TREE,TREE_051,2020-09-14,2020-09-28,LTR.2020.TREE.03,2021-01-19,NEON.LTR.TREE051810.20200928.LVS|NEON.LTR.TREE051578.20200928.LVS,NEON.LTR.TREE051.20200928.LVS,NEON.LTR.TREE051.20200928.LVS.CN,B00000081058,NEON.LTR.TREE051.20200928.LVS.LIG,B00000081057,NEON.LTR.TREE051.20200928.LVS.AR,B00000081056,6.34,N,,0000-0002-3030-0990,20211221T235036Z,RELEASE-2022
e0d044be-ed59-4e25-868a-aa11faf2d42d,TREE_049.basePlot.ltr,D05,TREE,TREE_049,2020-09-14,2020-09-28,LTR.2020.TREE.03,2021-01-19,NEON.LTR.TREE049066.20200928.LVS|NEON.LTR.TREE049313.20200928.LVS,NEON.LTR.TREE049.20200928.LVS,NEON.LTR.TREE049.20200928.LVS.CN,B00000081053,NEON.LTR.TREE049.20200928.LVS.LIG,B00000081052,NEON.LTR.TREE049.20200928.LVS.AR,B00000081054,5.79,N,,0000-0002-3030-0990,20211221T235036Z,RELEASE-2022
432b4a6a-be8b-4c39-a210-631124cde00d,TREE_048.basePlot.ltr,D05,TREE,TREE_048,2020-09-14,2020-09-28,LTR.2020.TREE.03,2021-01-19,NEON.LTR.TREE048810.20200928.LVS|NEON.LTR.TREE048578.20200928.LVS,NEON.LTR.TREE048.20200928.LVS,NEON.LTR.TREE048.20200928.LVS.CN,B00000081051,NEON.LTR.TREE048.20200928.LVS.LIG,B00000081042,NEON.LTR.TREE048.20200928.LVS.AR,B00000081041,5.44,N,,0000-0002-3030-0990,20211221T235036Z,RELEASE-2022
0fc7d678-5f66-4fac-bb85-629e2fc4eee8,TREE_041.basePlot.ltr,D05,TREE,TREE_041,2020-09-14,2020-09-28,LTR.2020.TREE.03,2021-01-14,NEON.LTR.TREE041106.20200928.LVS|NEON.LTR.TREE041797.20200928.LVS,NEON.LTR.TREE041.20200928.LVS,NEON.LTR.TREE041.20200928.LVS.CN,B00000081020,NEON.LTR.TREE041.20200928.LVS.LIG,B00000081021,NEON.LTR.TREE041.20200928.LVS.AR,B00000081022,6.68,N,,0000-0002-3030-0990,20211221T235036Z,RELEASE-2022
da525329-49d3-4adc-a0e2-2e6a22e4bce6,TREE_039.basePlot.ltr,D05,TREE,TREE_039,2020-09-14,2020-09-28,LTR.2020.TREE.03,2021-01-14,NEON.LTR.TREE039891.20200928.LVS|NEON.LTR.TREE039379.20200928.LVS,NEON.LTR.TREE039.20200928.LVS,NEON.LTR.TREE039.20200928.LVS.CN,B00000081017,NEON.LTR.TREE039.20200928.LVS.LIG,B00000081018,NEON.LTR.TREE039.20200928.LVS.AR,B00000081016,6.64,N,,0000-0002-3030-0990,20211221T235036Z,RELEASE-2022
9d2f0aa8-8b6d-4cf0-8725-c6038ad1ae6e,TREE_025.basePlot.ltr,D05,TREE,TREE_025,2020-09-14,2020-09-28,LTR.2020.TREE.03,2021-01-13,NEON.LTR.TREE025307.20200928.NDL|NEON.LTR.TREE025043.20200928.NDL,NEON.LTR.TREE025.20200928.NDL,NEON.LTR.TREE025.20200928.NDL.CN,B00000081014,NEON.LTR.TREE025.20200928.NDL.LIG,B00000081013,NEON.LTR.TREE025.20200928.NDL.AR,B00000081015,2.67,N,,0000-0002-3030-0990,20211221T235036Z,RELEASE-2022
a1c02bad-778c-4518-8caa-8c91e45ee5d3,TREE_040.basePlot.ltr,D05,TREE,TREE_040,2020-09-14,2020-09-28,LTR.2020.TREE.03,2021-01-14,NEON.LTR.TREE040914.20200928.LVS|NEON.LTR.TREE040405.20200928.LVS,NEON.LTR.TREE040.20200928.LVS,NEON.LTR.TREE040.20200928.LVS.CN,B00000081024,NEON.LTR.TREE040.20200928.LVS.LIG,B00000081025,NEON.LTR.TREE040.20200928.LVS.AR,B00000081026,8.09,N,,0000-0002-3030-0990,20211221T235036Z,RELEASE-2022
5d934624-d512-4bf8-a1cf-8705133c9920,TREE_025.basePlot.ltr,D05,TREE,TREE_025,2020-09-14,2020-09-28,LTR.2020.TREE.03,2021-01-13,NEON.LTR.TREE025043.20200928.LVS|NEON.LTR.TREE025307.20200928.LVS,NEON.LTR.TREE025.20200928.LVS,NEON.LTR.TREE025.20200928.LVS.CN,B00000081010,NEON.LTR.TREE025.20200928.LVS.LIG,B00000081011,NEON.LTR.TREE025.20200928.LVS.AR,B00000081012,6.65,N,,0000-0002-3030-0990,20211221T235036Z,RELEASE-2022
c2d92805-5ce6-4ec8-9e75-5c3b764c4470,TREE_039.basePlot.ltr,D05,TREE,TREE_039,2020-09-14,2020-09-28,LTR.2020.TREE.03,2021-01-14,NEON.LTR.TREE039891.20200928.NDL,NEON.LTR.TREE039.20200928.NDL,NEON.LTR.TREE039.20200928.NDL.CN,B00000081029,"","","","",,N,,0000-0002-3030-0990,20211221T235036Z,RELEASE-2022
faf81497-70aa-4520-82b0-942d3e8f9edb,TREE_040.basePlot.ltr,D05,TREE,TREE_040,2020-09-14,2020-09-28,LTR.2020.TREE.03,2021-01-14,NEON.LTR.TREE040914.20200928.NDL,NEON.LTR.TREE040.20200928.NDL,NEON.LTR.TREE040.20200928.NDL.CN,B00000081027,NEON.LTR.TREE040.20200928.NDL.LIG,B00000081028,"","",,N,,0000-0002-3030-0990,20211221T235036Z,RELEASE-2022
2a719d19-d361-4ffe-92d6-9bcd0efd726e,TREE_042.basePlot.ltr,D05,TREE,TREE_042,2020-09-14,2020-09-28,LTR.2020.TREE.03,2021-01-14,NEON.LTR.TREE042362.20200928.LVS|NEON.LTR.TREE042891.20200928.LVS,NEON.LTR.TREE042.20200928.LVS,NEON.LTR.TREE042.20200928.LVS.CN,B00000081030,NEON.LTR.TREE042.20200928.LVS.LIG,B00000081031,NEON.LTR.TREE042.20200928.LVS.AR,B00000081032,7.12,N,,0000-0002-3030-0990,20211221T235036Z,RELEASE-2022
5a4a6eca-2b2c-48c4-bd35-0210c94f7375,ORNL_051.basePlot.ltr,D07,ORNL,ORNL_051,2017-10-25,2017-11-06,,2017-11-14,NEON.LTR.ORNL051943.20171106.LVS|NEON.LTR.ORNL051323.20171106.LVS,NEON.LTR.ORNL051.20171106.LVS,NEON.LTR.ORNL051.20171106.LVS.CN,,NEON.LTR.ORNL051.20171106.LVS.LIG,,NEON.LTR.ORNL051.20171106.LVS.AR,,,,c:n ground to 40 mesh,aferchaud@battelleecology.org,20211222T031804Z,RELEASE-2022
5e6b73c3-6a39-4c35-8554-9f26f60ea884,ORNL_050.basePlot.ltr,D07,ORNL,ORNL_050,2017-10-25,2017-11-06,,2017-11-14,NEON.LTR.ORNL050160.20171106.LVS|NEON.LTR.ORNL050952.20171106.LVS,NEON.LTR.ORNL050.20171106.LVS,NEON.LTR.ORNL050.20171106.LVS.CN,,NEON.LTR.ORNL050.20171106.LVS.LIG,,NEON.LTR.ORNL050.20171106.LVS.AR,,,,c:n ground to 40 mesh,aferchaud@battelleecology.org,20211222T031804Z,RELEASE-2022
502e78de-378e-4b20-80b7-07948a65ad06,ORNL_036.basePlot.ltr,D07,ORNL,ORNL_036,2017-10-25,2017-11-06,,2017-11-14,NEON.LTR.ORNL036156.20171106.LVS|NEON.LTR.ORNL036696.20171106.LVS,NEON.LTR.ORNL036.20171106.LVS,NEON.LTR.ORNL036.20171106.LVS.CN,,NEON.LTR.ORNL036.20171106.LVS.LIG,,NEON.LTR.ORNL036.20171106.LVS.AR,,,,c:n ground to 40 mesh,aferchaud@battelleecology.org,20211222T031804Z,RELEASE-2022
2327e7b4-8299-449e-9f3c-0d91f4f4c767,ORNL_059.basePlot.ltr,D07,ORNL,ORNL_059,2017-10-25,2017-11-06,,2017-11-14,NEON.LTR.ORNL059018.20171106.LVS|NEON.LTR.ORNL059335.20171106.LVS,NEON.LTR.ORNL059.20171106.LVS,NEON.LTR.ORNL059.20171106.LVS.CN,,NEON.LTR.ORNL059.20171106.LVS.LIG,,NEON.LTR.ORNL059.20171106.LVS.AR,,,,c:n ground to 40 mesh,aferchaud@battelleecology.org,20211222T031804Z,RELEASE-2022
75fe4676-11b9-4119-99f7-3c49c043a68c,ORNL_060.basePlot.ltr,D07,ORNL,ORNL_060,2017-10-25,2017-11-06,,2017-11-14,NEON.LTR.ORNL060512.20171106.LVS|NEON.LTR.ORNL060032.20171106.LVS,NEON.LTR.ORNL060.20171106.LVS,NEON.LTR.ORNL060.20171106.LVS.CN,,NEON.LTR.ORNL060.20171106.LVS.LIG,,NEON.LTR.ORNL060.20171106.LVS.AR,,,,c:n ground to 40 mesh,aferchaud@battelleecology.org,20211222T031804Z,RELEASE-2022
74b04c86-5876-499b-be63-3931d835539e,ORNL_049.basePlot.ltr,D07,ORNL,ORNL_049,2017-10-25,2017-11-06,,2017-11-14,NEON.LTR.ORNL049631.20171106.LVS|NEON.LTR.ORNL049007.20171106.LVS,NEON.LTR.ORNL049.20171106.LVS,NEON.LTR.ORNL049.20171106.LVS.CN,,NEON.LTR.ORNL049.20171106.LVS.LIG,,NEON.LTR.ORNL049.20171106.LVS.AR,,,,c:n ground to 40 mesh,aferchaud@battelleecology.org,20211222T031804Z,RELEASE-2022
f88c79e2-a026-4aa8-b9e4-77dd6ca627d1,ORNL_063.basePlot.ltr,D07,ORNL,ORNL_063,2017-10-25,2017-11-06,,2017-11-14,NEON.LTR.ORNL063455.20171106.NDL|NEON.LTR.ORNL063580.20171106.NDL,NEON.LTR.ORNL063.20171106.NDL,NEON.LTR.ORNL063.20171106.NDL.CN,,NEON.LTR.ORNL063.20171106.NDL.LIG,,NEON.LTR.ORNL063.20171106.NDL.AR,,,,NDL c:n ground to 40 mesh,aferchaud@battelleecology.org,20211222T031804Z,RELEASE-2022
312e6ea7-73bf-423f-a6c6-52b24b8cdab4,ORNL_053.basePlot.ltr,D07,ORNL,ORNL_053,2017-10-25,2017-11-06,,2017-11-14,NEON.LTR.ORNL053902.20171106.LVS|NEON.LTR.ORNL053072.20171106.LVS,NEON.LTR.ORNL053.20171106.LVS,NEON.LTR.ORNL053.20171106.LVS.CN,,NEON.LTR.ORNL053.20171106.LVS.LIG,,NEON.LTR.ORNL053.20171106.LVS.AR,,,,c:n ground to 40 mesh,aferchaud@battelleecology.org,20211222T031804Z,RELEASE-2022
b13da9e0-861e-4be0-ae99-1b59865bb52e,ORNL_045.basePlot.ltr,D07,ORNL,ORNL_045,2017-10-25,2017-11-06,,2017-12-20,NEON.LTR.ORNL045587.20171106.NDL|NEON.LTR.ORNL045795.20171106.NDL,NEON.LTR.ORNL045.20171106.NDL,NEON.LTR.ORNL045.20171106.NDL.CN,,"",,"",,,,NDL c:n ground to 20 mesh -- not enough sample to regrind,aferchaud@battelleecology.org,20211222T031804Z,RELEASE-2022
503a1975-e98d-4686-9399-f70d8f442449,ORNL_037.basePlot.ltr,D07,ORNL,ORNL_037,2017-10-25,2017-11-06,,2017-11-14,NEON.LTR.ORNL037781.20171106.LVS|NEON.LTR.ORNL037204.20171106.LVS,NEON.LTR.ORNL037.20171106.LVS,NEON.LTR.ORNL037.20171106.LVS.CN,,NEON.LTR.ORNL037.20171106.LVS.LIG,,NEON.LTR.ORNL037.20171106.LVS.AR,,,,c:n ground to 40 mesh,aferchaud@battelleecology.org,20211222T031804Z,RELEASE-2022
9a623bb0-6a79-45af-ad72-7723169ef2c2,ORNL_055.basePlot.ltr,D07,ORNL,ORNL_055,2017-10-25,2017-11-06,,2017-11-14,NEON.LTR.ORNL055796.20171106.LVS|NEON.LTR.ORNL055077.20171106.LVS,NEON.LTR.ORNL055.20171106.LVS,NEON.LTR.ORNL055.20171106.LVS.CN,,NEON.LTR.ORNL055.20171106.LVS.LIG,,NEON.LTR.ORNL055.20171106.LVS.AR,,,,c:n ground to 40 mesh,aferchaud@battelleecology.org,20211222T031804Z,RELEASE-2022
f7b7c3c6-975f-4caf-afaa-b6237c9a33a8,ORNL_045.basePlot.ltr,D07,ORNL,ORNL_045,2017-10-25,2017-11-06,,2017-11-14,NEON.LTR.ORNL045795.20171106.LVS|NEON.LTR.ORNL045587.20171106.LVS,NEON.LTR.ORNL045.20171106.LVS,NEON.LTR.ORNL045.20171106.LVS.CN,,NEON.LTR.ORNL045.20171106.LVS.LIG,,NEON.LTR.ORNL045.20171106.LVS.AR,,,,c:n ground to 40 mesh,aferchaud@battelleecology.org,20211222T031804Z,RELEASE-2022
647bc5c8-f453-4c88-aeae-f6d93780974f,ORNL_052.basePlot.ltr,D07,ORNL,ORNL_052,2017-10-25,2017-11-06,,2017-11-14,NEON.LTR.ORNL052689.20171106.LVS|NEON.LTR.ORNL052007.20171106.LVS,NEON.LTR.ORNL052.20171106.LVS,NEON.LTR.ORNL052.20171106.LVS.CN,,NEON.LTR.ORNL052.20171106.LVS.LIG,,NEON.LTR.ORNL052.20171106.LVS.AR,,,,c:n ground to 40 mesh,aferchaud@battelleecology.org,20211222T031804Z,RELEASE-2022
de2dafc8-f136-442a-bf09-6b502ebbcf7e,ORNL_056.basePlot.ltr,D07,ORNL,ORNL_056,2017-10-25,2017-11-06,,2017-11-14,NEON.LTR.ORNL056270.20171106.LVS|NEON.LTR.ORNL056899.20171106.LVS,NEON.LTR.ORNL056.20171106.LVS,NEON.LTR.ORNL056.20171106.LVS.CN,,NEON.LTR.ORNL056.20171106.LVS.LIG,,NEON.LTR.ORNL056.20171106.LVS.AR,,,,c:n ground to 40 mesh,aferchaud@battelleecology.org,20211222T031804Z,RELEASE-2022
4350e5dc-7b34-47be-b8b0-0bba626aafd1,ORNL_046.basePlot.ltr,D07,ORNL,ORNL_046,2017-10-25,2017-11-06,,2017-11-14,NEON.LTR.ORNL046783.20171106.LVS|NEON.LTR.ORNL046655.20171106.LVS,NEON.LTR.ORNL046.20171106.LVS,NEON.LTR.ORNL046.20171106.LVS.CN,,NEON.LTR.ORNL046.20171106.LVS.LIG,,NEON.LTR.ORNL046.20171106.LVS.AR,,,,c:n ground to 40 mesh,aferchaud@battelleecology.org,20211222T031804Z,RELEASE-2022
0d6cd3d6-bc99-4f99-920e-052af11cc38b,ORNL_054.basePlot.ltr,D07,ORNL,ORNL_054,2017-10-25,2017-11-06,,2017-11-14,NEON.LTR.ORNL054313.20171106.LVS|NEON.LTR.ORNL054633.20171106.LVS,NEON.LTR.ORNL054.20171106.LVS,NEON.LTR.ORNL054.20171106.LVS.CN,,NEON.LTR.ORNL054.20171106.LVS.LIG,,NEON.LTR.ORNL054.20171106.LVS.AR,,,,c:n ground to 40 mesh,aferchaud@battelleecology.org,20211222T031804Z,RELEASE-2022
a971b96d-4e72-4d0a-addf-e4b0d50cbdb4,ORNL_061.basePlot.ltr,D07,ORNL,ORNL_061,2017-10-25,2017-11-06,,2017-11-14,NEON.LTR.ORNL061510.20171106.LVS|NEON.LTR.ORNL061951.20171106.LVS,NEON.LTR.ORNL061.20171106.LVS,NEON.LTR.ORNL061.20171106.LVS.CN,,NEON.LTR.ORNL061.20171106.LVS.LIG,,NEON.LTR.ORNL061.20171106.LVS.AR,,,,c:n ground to 40 mesh,aferchaud@battelleecology.org,20211222T031804Z,RELEASE-2022
c573912d-888c-4757-bca6-8faa7c479066,ORNL_057.basePlot.ltr,D07,ORNL,ORNL_057,2017-10-25,2017-11-06,,2017-11-14,NEON.LTR.ORNL057032.20171106.LVS|NEON.LTR.ORNL057512.20171106.LVS,NEON.LTR.ORNL057.20171106.LVS,NEON.LTR.ORNL057.20171106.LVS.CN,,NEON.LTR.ORNL057.20171106.LVS.LIG,,NEON.LTR.ORNL057.20171106.LVS.AR,,,,c:n ground to 40 mesh,aferchaud@battelleecology.org,20211222T031804Z,RELEASE-2022
4a7bae27-a8ae-417d-be54-8aa18cdaa5f5,ORNL_043.basePlot.ltr,D07,ORNL,ORNL_043,2017-10-25,2017-11-06,,2017-11-14,NEON.LTR.ORNL043572.20171106.LVS|NEON.LTR.ORNL043918.20171106.LVS,NEON.LTR.ORNL043.20171106.LVS,NEON.LTR.ORNL043.20171106.LVS.CN,,NEON.LTR.ORNL043.20171106.LVS.LIG,,NEON.LTR.ORNL043.20171106.LVS.AR,,,,c:n ground to 40 mesh,aferchaud@battelleecology.org,20211222T031804Z,RELEASE-2022
7d3ee94a-592a-4699-8e2f-e21a142324a4,ORNL_061.basePlot.ltr,D07,ORNL,ORNL_061,2017-10-25,2017-11-06,,2017-11-14,NEON.LTR.ORNL061510.20171106.NDL|NEON.LTR.ORNL061951.20171106.NDL,NEON.LTR.ORNL061.20171106.NDL,NEON.LTR.ORNL061.20171106.NDL.CN,,NEON.LTR.ORNL061.20171106.NDL.LIG,,"",,,,NDL c:n ground to 20 mesh -- not enough sample to regrind,aferchaud@battelleecology.org,20211222T031804Z,RELEASE-2022
37cbc02f-4152-49fa-a7dc-b8b382d57615,ORNL_043.basePlot.ltr,D07,ORNL,ORNL_043,2017-10-25,2017-11-06,,2017-11-14,NEON.LTR.ORNL043572.20171106.NDL|NEON.LTR.ORNL043918.20171106.NDL,NEON.LTR.ORNL043.20171106.NDL,NEON.LTR.ORNL043.20171106.NDL.CN,,NEON.LTR.ORNL043.20171106.NDL.LIG,,"",,,,NDL c:n ground to 20 mesh -- not enough sample to regrind,aferchaud@battelleecology.org,20211222T031804Z,RELEASE-2022
e9e20c7f-8c2a-4fb1-baf5-25068f31acf8,ORNL_062.basePlot.ltr,D07,ORNL,ORNL_062,2017-10-25,2017-11-06,,2017-11-14,NEON.LTR.ORNL062018.20171106.LVS|NEON.LTR.ORNL062335.20171106.LVS,NEON.LTR.ORNL062.20171106.LVS,NEON.LTR.ORNL062.20171106.LVS.CN,,NEON.LTR.ORNL062.20171106.LVS.LIG,,NEON.LTR.ORNL062.20171106.LVS.AR,,,,c:n ground to 40 mesh,aferchaud@battelleecology.org,20211222T031804Z,RELEASE-2022
99219271-9fab-4d0e-a76a-b09ad9294fa8,ORNL_063.basePlot.ltr,D07,ORNL,ORNL_063,2017-10-25,2017-11-06,,2017-11-14,NEON.LTR.ORNL063580.20171106.LVS|NEON.LTR.ORNL063455.20171106.LVS,NEON.LTR.ORNL063.20171106.LVS,NEON.LTR.ORNL063.20171106.LVS.CN,,NEON.LTR.ORNL063.20171106.LVS.LIG,,NEON.LTR.ORNL063.20171106.LVS.AR,,,,c:n ground to 40 mesh,aferchaud@battelleecology.org,20211222T031804Z,RELEASE-2022
9d6c202d-a398-4d4f-ab17-50e75efe9969,ORNL_058.basePlot.ltr,D07,ORNL,ORNL_058,2017-10-25,2017-11-06,,2017-11-14,NEON.LTR.ORNL058510.20171106.LVS|NEON.LTR.ORNL058897.20171106.LVS,NEON.LTR.ORNL058.20171106.LVS,NEON.LTR.ORNL058.20171106.LVS.CN,,NEON.LTR.ORNL058.20171106.LVS.LIG,,NEON.LTR.ORNL058.20171106.LVS.AR,,,,c:n ground to 40 mesh,aferchaud@battelleecology.org,20211222T031804Z,RELEASE-2022
c9aac55b-4edb-413e-b4a2-18053d60066d,DELA_044.basePlot.ltr,D08,DELA,DELA_044,2019-11-04,2019-11-18,,2020-01-14,NEON.LTR.DELA044372.20191118.LVS|NEON.LTR.DELA044949.20191118.LVS,NEON.LTR.DELA044.20191118.LVS,NEON.LTR.DELA044.20191118.LVS.CN,A00000145754,NEON.LTR.DELA044.20191118.LVS.LIG,A00000145756,NEON.LTR.DELA044.20191118.LVS.AR,A00000145755,,Y,,0000-0002-8528-4289,20211221T234336Z,RELEASE-2022
7c3985be-32de-4e65-bee1-f36807f9a6a8,DELA_052.basePlot.ltr,D08,DELA,DELA_052,2019-11-04,2019-11-18,,2020-01-14,NEON.LTR.DELA052326.20191118.LVS|NEON.LTR.DELA052646.20191118.LVS,NEON.LTR.DELA052.20191118.LVS,NEON.LTR.DELA052.20191118.LVS.CN,A00000145742,NEON.LTR.DELA052.20191118.LVS.LIG,A00000145740,NEON.LTR.DELA052.20191118.LVS.AR,A00000145741,,Y,,0000-0002-8528-4289,20211221T234336Z,RELEASE-2022
c6219a97-70af-427c-b705-0199a8fb80df,DELA_056.basePlot.ltr,D08,DELA,DELA_056,2019-11-04,2019-11-18,,2020-01-14,NEON.LTR.DELA056816.20191118.LVS|NEON.LTR.DELA056526.20191118.LVS,NEON.LTR.DELA056.20191118.LVS,NEON.LTR.DELA056.20191118.LVS.CN,A00000145766,NEON.LTR.DELA056.20191118.LVS.LIG,A00000145796,NEON.LTR.DELA056.20191118.LVS.AR,A00000145781,,Y,,0000-0002-8528-4289,20211221T234336Z,RELEASE-2022
7d4dd1bf-970a-478f-bd28-973fbb6a52e4,DELA_047.basePlot.ltr,D08,DELA,DELA_047,2019-11-04,2019-11-18,,2020-01-14,NEON.LTR.DELA047678.20191118.LVS|NEON.LTR.DELA047057.20191118.LVS,NEON.LTR.DELA047.20191118.LVS,NEON.LTR.DELA047.20191118.LVS.CN,A00000145708,NEON.LTR.DELA047.20191118.LVS.LIG,A00000145709,NEON.LTR.DELA047.20191118.LVS.AR,A00000145782,,Y,,0000-0002-8528-4289,20211221T234336Z,RELEASE-2022
c27906b1-0808-4fec-aed7-d1fdbda2c3b8,DELA_054.basePlot.ltr,D08,DELA,DELA_054,2019-11-04,2019-11-18,,2020-01-14,NEON.LTR.DELA054665.20191118.LVS|NEON.LTR.DELA054193.20191118.LVS,NEON.LTR.DELA054.20191118.LVS,NEON.LTR.DELA054.20191118.LVS.CN,A00000145793,NEON.LTR.DELA054.20191118.LVS.LIG,A00000145778,NEON.LTR.DELA054.20191118.LVS.AR,A00000145763,,Y,,0000-0002-8528-4289,20211221T234336Z,RELEASE-2022
01045e20-ca14-47f6-9cad-412573234e6f,DELA_037.basePlot.ltr,D08,DELA,DELA_037,2019-11-04,2019-11-18,,2020-01-14,NEON.LTR.DELA037110.20191118.LVS|NEON.LTR.DELA037347.20191118.LVS,NEON.LTR.DELA037.20191118.LVS,NEON.LTR.DELA037.20191118.LVS.CN,A00000145734,NEON.LTR.DELA037.20191118.LVS.LIG,A00000145735,NEON.LTR.DELA037.20191118.LVS.AR,A00000145733,,Y,,0000-0002-8528-4289,20211221T234336Z,RELEASE-2022
cabd5a13-1436-4348-8309-797e562fd3e7,DELA_059.basePlot.ltr,D08,DELA,DELA_059,2019-11-04,2019-11-18,,2020-01-14,NEON.LTR.DELA059349.20191118.LVS|NEON.LTR.DELA059544.20191118.LVS,NEON.LTR.DELA059.20191118.LVS,NEON.LTR.DELA059.20191118.LVS.CN,A00000145737,NEON.LTR.DELA059.20191118.LVS.LIG,A00000145738,NEON.LTR.DELA059.20191118.LVS.AR,A00000145739,,Y,,0000-0002-8528-4289,20211221T234336Z,RELEASE-2022
fa7852ad-3943-4512-8e66-62f742634301,DELA_051.basePlot.ltr,D08,DELA,DELA_051,2019-11-04,2019-11-18,,2020-01-14,NEON.LTR.DELA051531.20191118.LVS|NEON.LTR.DELA051793.20191118.LVS,NEON.LTR.DELA051.20191118.LVS,NEON.LTR.DELA051.20191118.LVS.CN,A00000145794,NEON.LTR.DELA051.20191118.LVS.LIG,A00000145779,NEON.LTR.DELA051.20191118.LVS.AR,A00000145764,,Y,,0000-0002-8528-4289,20211221T234336Z,RELEASE-2022
3f52163c-a256-4e9f-8471-be118ac09283,DELA_050.basePlot.ltr,D08,DELA,DELA_050,2019-11-04,2019-11-18,,2020-01-14,NEON.LTR.DELA050048.20191118.LVS|NEON.LTR.DELA050675.20191118.LVS,NEON.LTR.DELA050.20191118.LVS,NEON.LTR.DELA050.20191118.LVS.CN,A00000145729,NEON.LTR.DELA050.20191118.LVS.LIG,A00000145727,NEON.LTR.DELA050.20191118.LVS.AR,A00000145728,,Y,,0000-0002-8528-4289,20211221T234336Z,RELEASE-2022
458d98f8-c370-432f-bf2e-0964d80390ec,DELA_040.basePlot.ltr,D08,DELA,DELA_040,2019-11-04,2019-11-18,,2020-01-14,NEON.LTR.DELA040198.20191118.LVS|NEON.LTR.DELA040347.20191118.LVS,NEON.LTR.DELA040.20191118.LVS,NEON.LTR.DELA040.20191118.LVS.CN,A00000145790,NEON.LTR.DELA040.20191118.LVS.LIG,A00000145789,NEON.LTR.DELA040.20191118.LVS.AR,A00000145783,,Y,,0000-0002-8528-4289,20211221T234336Z,RELEASE-2022
cc822ea2-3aca-467b-835f-7aa53620b099,DELA_046.basePlot.ltr,D08,DELA,DELA_046,2019-11-04,2019-11-18,,2020-01-14,NEON.LTR.DELA046624.20191118.NDL|NEON.LTR.DELA046167.20191118.NDL,NEON.LTR.DELA046.20191118.NDL,NEON.LTR.DELA046.20191118.NDL.CN,A00000145792,"","","","",,Y,,0000-0002-8528-4289,20211221T234336Z,RELEASE-2022
12f5fc80-6987-46ba-bfcb-215c747928b0,DELA_039.basePlot.ltr,D08,DELA,DELA_039,2019-11-04,2019-11-18,,2020-01-14,NEON.LTR.DELA039404.20191118.LVS|NEON.LTR.DELA039513.20191118.LVS,NEON.LTR.DELA039.20191118.LVS,NEON.LTR.DELA039.20191118.LVS.CN,A00000145744,NEON.LTR.DELA039.20191118.LVS.LIG,A00000145743,NEON.LTR.DELA039.20191118.LVS.AR,A00000145745,,Y,,0000-0002-8528-4289,20211221T234336Z,RELEASE-2022
f3360897-c62a-4253-beca-d9c68f8e1408,DELA_043.basePlot.ltr,D08,DELA,DELA_043,2019-11-04,2019-11-18,,2020-01-14,NEON.LTR.DELA043384.20191118.LVS|NEON.LTR.DELA043636.20191118.LVS,NEON.LTR.DELA043.20191118.LVS,NEON.LTR.DELA043.20191118.LVS.CN,A00000145705,NEON.LTR.DELA043.20191118.LVS.LIG,A00000145706,NEON.LTR.DELA043.20191118.LVS.AR,A00000145707,,Y,,0000-0002-8528-4289,20211221T234336Z,RELEASE-2022
eaef9f18-b933-42ef-8b50-566188c923f9,DELA_046.basePlot.ltr,D08,DELA,DELA_046,2019-11-04,2019-11-18,,2020-01-14,NEON.LTR.DELA046167.20191118.LVS|NEON.LTR.DELA046624.20191118.LVS,NEON.LTR.DELA046.20191118.LVS,NEON.LTR.DELA046.20191118.LVS.CN,A00000145762,NEON.LTR.DELA046.20191118.LVS.LIG,A00000145777,NEON.LTR.DELA046.20191118.LVS.AR,A00000145752,,Y,,0000-0002-8528-4289,20211221T234336Z,RELEASE-2022
d127d904-6668-4026-9d7f-e7eabe70c911,DELA_045.basePlot.ltr,D08,DELA,DELA_045,2019-11-04,2019-11-18,,2020-01-14,NEON.LTR.DELA045802.20191118.LVS|NEON.LTR.DELA045290.20191118.LVS,NEON.LTR.DELA045.20191118.LVS,NEON.LTR.DELA045.20191118.LVS.CN,A00000145731,NEON.LTR.DELA045.20191118.LVS.LIG,A00000145730,NEON.LTR.DELA045.20191118.LVS.AR,A00000145732,,Y,,0000-0002-8528-4289,20211221T234336Z,RELEASE-2022
5f13302d-a6b0-48d5-985c-c2b06e5eaadf,DELA_055.basePlot.ltr,D08,DELA,DELA_055,2019-11-04,2019-11-18,,2020-01-14,NEON.LTR.DELA055760.20191118.LVS|NEON.LTR.DELA055623.20191118.LVS,NEON.LTR.DELA055.20191118.LVS,NEON.LTR.DELA055.20191118.LVS.CN,A00000145795,NEON.LTR.DELA055.20191118.LVS.LIG,A00000145780,NEON.LTR.DELA055.20191118.LVS.AR,A00000145765,,Y,,0000-0002-8528-4289,20211221T234336Z,RELEASE-2022
3317cea4-51e5-41ad-870b-3e719149ecb9,DELA_053.basePlot.ltr,D08,DELA,DELA_053,2019-11-04,2019-11-18,,2020-01-14,NEON.LTR.DELA053833.20191118.LVS|NEON.LTR.DELA053656.20191118.LVS,NEON.LTR.DELA053.20191118.LVS,NEON.LTR.DELA053.20191118.LVS.CN,A00000145747,NEON.LTR.DELA053.20191118.LVS.LIG,A00000145748,NEON.LTR.DELA053.20191118.LVS.AR,A00000145749,,Y,,0000-0002-8528-4289,20211221T234336Z,RELEASE-2022
90c33551-1ef3-4b87-bcf4-f0b7e505e23b,DELA_042.basePlot.ltr,D08,DELA,DELA_042,2019-11-04,2019-11-18,,2020-01-14,NEON.LTR.DELA042404.20191118.LVS|NEON.LTR.DELA042566.20191118.LVS,NEON.LTR.DELA042.20191118.LVS,NEON.LTR.DELA042.20191118.LVS.CN,A00000145759,NEON.LTR.DELA042.20191118.LVS.LIG,A00000145758,NEON.LTR.DELA042.20191118.LVS.AR,A00000145757,,Y,,0000-0002-8528-4289,20211221T234336Z,RELEASE-2022
bb439b3d-30ad-46f9-89f6-86dd732446a4,DELA_041.basePlot.ltr,D08,DELA,DELA_041,2019-11-04,2019-11-18,,2020-01-14,NEON.LTR.DELA041019.20191118.LVS|NEON.LTR.DELA041658.20191118.LVS,NEON.LTR.DELA041.20191118.LVS,NEON.LTR.DELA041.20191118.LVS.CN,A00000145767,NEON.LTR.DELA041.20191118.LVS.LIG,A00000145773,NEON.LTR.DELA041.20191118.LVS.AR,A00000145774,,Y,,0000-0002-8528-4289,20211221T234336Z,RELEASE-2022
cab33a6d-bfe8-4c9b-9922-cdd59943b5ad,DELA_048.basePlot.ltr,D08,DELA,DELA_048,2019-11-04,2019-11-18,,2020-01-14,NEON.LTR.DELA048531.20191118.LVS|NEON.LTR.DELA048793.20191118.LVS,NEON.LTR.DELA048.20191118.LVS,NEON.LTR.DELA048.20191118.LVS.CN,A00000145775,NEON.LTR.DELA048.20191118.LVS.LIG,A00000145760,NEON.LTR.DELA048.20191118.LVS.AR,A00000145750,,Y,,0000-0002-8528-4289,20211221T234336Z,RELEASE-2022
6b323736-eda7-4181-ae5e-1b45e011d9e9,DELA_038.basePlot.ltr,D08,DELA,DELA_038,2019-11-04,2019-11-18,,2020-01-14,NEON.LTR.DELA038568.20191118.LVS|NEON.LTR.DELA038087.20191118.LVS,NEON.LTR.DELA038.20191118.LVS,NEON.LTR.DELA038.20191118.LVS.CN,A00000145791,NEON.LTR.DELA038.20191118.LVS.LIG,A00000145776,NEON.LTR.DELA038.20191118.LVS.AR,A00000145761,,Y,,0000-0002-8528-4289,20211221T234336Z,RELEASE-2022
ab3d8ea3-d9d8-4ad0-9b94-d6714bbbc960,LENO_064.basePlot.ltr,D08,LENO,LENO_064,2018-10-29,2018-11-12,,2018-11-20,NEON.LTR.LENO064389.20181112.NDL|NEON.LTR.LENO064836.20181112.NDL,NEON.LTR.LENO064.20181112.NDL,NEON.LTR.LENO064.20181112.NDL.CN,B00000004350,NEON.LTR.LENO064.20181112.NDL.LIG,B00000004349,NEON.LTR.LENO064.20181112.NDL.AR,B00000004348,,,,jwhite@battelleecology.org,20211221T203200Z,RELEASE-2022
21f87c50-10ae-474b-a077-6ea5ab195cf9,LENO_062.basePlot.ltr,D08,LENO,LENO_062,2018-10-29,2018-11-12,,2018-11-20,NEON.LTR.LENO062819.20181112.LVS|NEON.LTR.LENO062359.20181112.LVS,NEON.LTR.LENO062.20181112.LVS,NEON.LTR.LENO062.20181112.LVS.CN,B00000004339,NEON.LTR.LENO062.20181112.LVS.LIG,B00000004338,NEON.LTR.LENO062.20181112.LVS.AR,B00000004340,,,,jwhite@battelleecology.org,20211221T203200Z,RELEASE-2022
265175e4-7bac-4d24-a4ee-6241e0b5da81,LENO_070.basePlot.ltr,D08,LENO,LENO_070,2018-10-29,2018-11-12,,2018-11-20,NEON.LTR.LENO070066.20181112.LVS|NEON.LTR.LENO070937.20181112.LVS,NEON.LTR.LENO070.20181112.LVS,NEON.LTR.LENO070.20181112.LVS.CN,B00000004371,NEON.LTR.LENO070.20181112.LVS.LIG,B00000004372,NEON.LTR.LENO070.20181112.LVS.AR,B00000004373,,,,jwhite@battelleecology.org,20211221T203200Z,RELEASE-2022
2420c3d6-88da-4534-b687-df868c0f04b4,LENO_069.basePlot.ltr,D08,LENO,LENO_069,2018-10-29,2018-11-12,,2018-11-20,NEON.LTR.LENO069170.20181112.LVS|NEON.LTR.LENO069419.20181112.LVS,NEON.LTR.LENO069.20181112.LVS,NEON.LTR.LENO069.20181112.LVS.CN,B00000004368,NEON.LTR.LENO069.20181112.LVS.LIG,B00000004369,NEON.LTR.LENO069.20181112.LVS.AR,B00000004370,,,,jwhite@battelleecology.org,20211221T203200Z,RELEASE-2022
3d99f2ad-a4cc-4b1c-9abd-27dc746eae13,LENO_064.basePlot.ltr,D08,LENO,LENO_064,2018-10-29,2018-11-12,,2018-11-20,NEON.LTR.LENO064389.20181112.LVS|NEON.LTR.LENO064836.20181112.LVS,NEON.LTR.LENO064.20181112.LVS,NEON.LTR.LENO064.20181112.LVS.CN,B00000004345,NEON.LTR.LENO064.20181112.LVS.LIG,B00000004346,NEON.LTR.LENO064.20181112.LVS.AR,B00000004347,,,,jwhite@battelleecology.org,20211221T203200Z,RELEASE-2022
e1f42a3f-e1fd-4f4d-beff-6ad53e987520,LENO_061.basePlot.ltr,D08,LENO,LENO_061,2018-10-29,2018-11-12,,2018-11-20,NEON.LTR.LENO061154.20181112.NDL|NEON.LTR.LENO061852.20181112.NDL,NEON.LTR.LENO061.20181112.NDL,NEON.LTR.LENO061.20181112.NDL.CN,B00000004337,"","","","",,,,jwhite@battelleecology.org,20211221T203200Z,RELEASE-2022
3afc21a3-4307-447b-a3e1-9dbd9ae62fbf,LENO_068.basePlot.ltr,D08,LENO,LENO_068,2018-10-29,2018-11-12,,2018-11-20,NEON.LTR.LENO068711.20181112.LVS|NEON.LTR.LENO068892.20181112.LVS,NEON.LTR.LENO068.20181112.LVS,NEON.LTR.LENO068.20181112.LVS.CN,B00000004363,NEON.LTR.LENO068.20181112.LVS.LIG,B00000004365,NEON.LTR.LENO068.20181112.LVS.AR,B00000004364,,,,jwhite@battelleecology.org,20211221T203200Z,RELEASE-2022
4d971fe7-3fcb-481d-a1bc-a5bb5b2a2406,LENO_070.basePlot.ltr,D08,LENO,LENO_070,2018-10-29,2018-11-12,,2018-11-20,NEON.LTR.LENO070937.20181112.NDL|NEON.LTR.LENO070066.20181112.NDL,NEON.LTR.LENO070.20181112.NDL,NEON.LTR.LENO070.20181112.NDL.CN,B00000004374,"","","","",,,,jwhite@battelleecology.org,20211221T203200Z,RELEASE-2022
ea004b7e-b593-47da-8ea9-bc22a65a88e8,LENO_066.basePlot.ltr,D08,LENO,LENO_066,2018-10-29,2018-11-12,,2018-11-20,NEON.LTR.LENO066608.20181112.LVS|NEON.LTR.LENO066892.20181112.LVS,NEON.LTR.LENO066.20181112.LVS,NEON.LTR.LENO066.20181112.LVS.CN,B00000004356,NEON.LTR.LENO066.20181112.LVS.LIG,B00000004355,NEON.LTR.LENO066.20181112.LVS.AR,B00000004354,,,,jwhite@battelleecology.org,20211221T203200Z,RELEASE-2022
e9ef766e-a662-4dc4-b035-f14772add763,LENO_062.basePlot.ltr,D08,LENO,LENO_062,2018-10-29,2018-11-12,,2018-11-20,NEON.LTR.LENO062819.20181112.NDL,NEON.LTR.LENO062.20181112.NDL,NEON.LTR.LENO062.20181112.NDL.CN,B00000004341,"","","","",,,,jwhite@battelleecology.org,20211221T203200Z,RELEASE-2022
3df96196-6012-4664-960b-03412ed4fcc8,LENO_061.basePlot.ltr,D08,LENO,LENO_061,2018-10-29,2018-11-12,,2018-11-20,NEON.LTR.LENO061154.20181112.LVS|NEON.LTR.LENO061852.20181112.LVS,NEON.LTR.LENO061.20181112.LVS,NEON.LTR.LENO061.20181112.LVS.CN,B00000004336,NEON.LTR.LENO061.20181112.LVS.LIG,B00000004335,NEON.LTR.LENO061.20181112.LVS.AR,B00000004334,,,,jwhite@battelleecology.org,20211221T203200Z,RELEASE-2022
6c27e6f4-6100-4256-aac7-6cfb36b1e5b0,LENO_063.basePlot.ltr,D08,LENO,LENO_063,2018-10-29,2018-11-12,,2018-11-20,NEON.LTR.LENO063385.20181112.LVS|NEON.LTR.LENO063547.20181112.LVS,NEON.LTR.LENO063.20181112.LVS,NEON.LTR.LENO063.20181112.LVS.CN,B00000004342,NEON.LTR.LENO063.20181112.LVS.LIG,B00000004343,NEON.LTR.LENO063.20181112.LVS.AR,B00000004344,,,,jwhite@battelleecology.org,20211221T203200Z,RELEASE-2022
9207d88c-bc30-43c2-bdfe-57a3d8d2cff2,LENO_066.basePlot.ltr,D08,LENO,LENO_066,2018-10-29,2018-11-12,,2018-11-20,NEON.LTR.LENO066608.20181112.NDL|NEON.LTR.LENO066892.20181112.NDL,NEON.LTR.LENO066.20181112.NDL,NEON.LTR.LENO066.20181112.NDL.CN,B00000004358,NEON.LTR.LENO066.20181112.NDL.LIG,B00000004357,NEON.LTR.LENO066.20181112.NDL.AR,B00000004359,,,,jwhite@battelleecology.org,20211221T203200Z,RELEASE-2022
35c84c3a-2d7d-45ea-b89b-88d129a70b81,LENO_068.basePlot.ltr,D08,LENO,LENO_068,2018-10-29,2018-11-12,,2018-11-20,NEON.LTR.LENO068892.20181112.NDL|NEON.LTR.LENO068711.20181112.NDL,NEON.LTR.LENO068.20181112.NDL,NEON.LTR.LENO068.20181112.NDL.CN,B00000004367,NEON.LTR.LENO068.20181112.NDL.LIG,B00000004366,"","",,,,jwhite@battelleecology.org,20211221T203200Z,RELEASE-2022
fea209db-a2ee-4b8c-8248-5dcc5846bd4a,LENO_067.basePlot.ltr,D08,LENO,LENO_067,2018-10-29,2018-11-12,,2018-11-20,NEON.LTR.LENO067952.20181112.LVS|NEON.LTR.LENO067030.20181112.LVS,NEON.LTR.LENO067.20181112.LVS,NEON.LTR.LENO067.20181112.LVS.CN,B00000004360,NEON.LTR.LENO067.20181112.LVS.LIG,B00000004361,NEON.LTR.LENO067.20181112.LVS.AR,B00000004362,,,,jwhite@battelleecology.org,20211221T203200Z,RELEASE-2022
46d5bd50-0e51-4b94-b44d-c6556b6c6145,LENO_065.basePlot.ltr,D08,LENO,LENO_065,2018-10-29,2018-11-12,,2018-11-20,NEON.LTR.LENO065944.20181112.LVS|NEON.LTR.LENO065295.20181112.LVS,NEON.LTR.LENO065.20181112.LVS,NEON.LTR.LENO065.20181112.LVS.CN,B00000004351,NEON.LTR.LENO065.20181112.LVS.LIG,B00000004353,NEON.LTR.LENO065.20181112.LVS.AR,B00000004352,,,,jwhite@battelleecology.org,20211221T203200Z,RELEASE-2022
