uid,domainID,siteID,plotID,namedLocation,plotType,nlcdClass,geodeticDatum,decimalLatitude,decimalLongitude,coordinateUncertainty,elevation,elevationUncertainty,collectDate,referenceCorner,sampleDistance,sampleBearing,pitID,testProtocolVersion,soilSamplingMethod,sampleRelativeLocation,pitDepth,recordedByA,soilProfileDescriberA,soilProfileDescriberInst,nrcsDescriptionID,soilSeries,soilFamily,soilSubgroup,soilGreatGroup,soilSuborder,soilOrder,remarks,dataQF,publicationDate,release
58682b16-3f9e-4d30-9dc7-e60ad2a1adb6,D01,BART,BART_018,BART_018.basePlot.all,distributed,mixedForest,WGS84,44.058473,-71.277866,20.2,314.9,0.5,2016-05-11,NW40,0.7,140,1091219,Field Book for Describing and Sampling Soils ver3,soil pit,Center of pit,100,ZMAzjxpsatlP5Z3MpTDKhQ==,ZMAzjxpsatlP5Z3MpTDKhQ==,Natural Resource Conservation Service,S2016NH003001,Wilmington,"Loamy, isotic, frigid, shallow Typic Endoaquods",typic endoaquods,endoaquods,aquods,spodosols,pit;BART;20160511;BART_018;Roger DeKett Jessica Philippe Martha Stuart;7.2;140;40x40 NW marker;center of pit,,20201217T163058Z,RELEASE-2021
a54a9540-8129-4c67-ba41-e8d326574b05,D01,BART,BART_081,BART_081.basePlot.all,distributed,mixedForest,WGS84,44.060682,-71.262947,20.2,411.5,0.2,2016-05-17,SW40,1.7,43,1091221,Field Book for Describing and Sampling Soils ver3,soil pit,Center of pit,100,ZMAzjxpsatlP5Z3MpTDKhQ==,ZMAzjxpsatlP5Z3MpTDKhQ==,Natural Resource Conservation Service,S2016NH003002,Adirondack,"Coarse-loamy, isotic, frigid Aquic Haplorthods",aquic haplorthods,haplorthods,orthods,spodosols,pit;BART;20160517;BART_081;Roger DeKett Martha Stuart;17.1;043;40x40 SW marker;center of pit,,20201217T163058Z,RELEASE-2021
aeba021b-f9c0-48a6-b3c6-190622f3150c,D01,BART,BART_012,BART_012.basePlot.all,distributed,deciduousForest,WGS84,44.046097,-71.316312,20.3,556.9,0.4,2016-05-19,NW40,1.1,115,1091222,Field Book for Describing and Sampling Soils ver3,soil pit,Center of pit,100,ZMAzjxpsatlP5Z3MpTDKhQ==,ZMAzjxpsatlP5Z3MpTDKhQ==,Natural Resource Conservation Service,S2016NH003003,Danforth,"Loamy-skeletal, mixed, active, frigid Typic Dystrudepts",typic dystrudepts,dystrudepts,udepts,inceptisols,pit;BART;20160519;BART_012;Roger DeKett Martha Stuart;11.0;115;40x40 NW marker;center of pit,,20201217T163058Z,RELEASE-2021
f967bdeb-6859-4e16-ba02-9657125932e9,D01,BART,BART_062,BART_062.basePlot.all,distributed,deciduousForest,WGS84,44.057361,-71.305891,20.3,391.8,0.3,2016-05-23,SW20,0.9,284,1091223,Field Book for Describing and Sampling Soils ver3,soil pit,Center of pit,100,khnyfeTHrVrnoE60k+Xq+OCoadk+UCyh,khnyfeTHrVrnoE60k+Xq+OCoadk+UCyh,Natural Resource Conservation Service,S2016NH003004,Monadnock or Berkshire,Frigid Typic Haplorthods,typic haplorthods,haplorthods,orthods,spodosols,pit;BART;20160523;BART_062;Jessica Philippe Martha Stuart;9.2;284;20x20 SW marker;center of pit,,20201217T163058Z,RELEASE-2021
44d2408d-2af5-4e8f-833e-6e7bcda35db5,D01,BART,BART_027,BART_027.basePlot.all,distributed,evergreenForest,WGS84,44.057941,-71.261742,20.2,425.1,0.3,2016-05-31,SW40,1.3,10,1091224,Field Book for Describing and Sampling Soils ver3,soil pit,Center of pit,100,ZMAzjxpsatlP5Z3MpTDKhQ==,ZMAzjxpsatlP5Z3MpTDKhQ==,Natural Resource Conservation Service,S2016NH003005,Danforth,"Loamy-skeletal, isotic, frigid Typic Haplorthods",typic haplorthods,haplorthods,orthods,spodosols,pit;BART;20160531;BART_027;Roger DeKett Jessica Philippe Martha Stuart;12.7;010;40x40 SW marker;center of pit,,20201217T163058Z,RELEASE-2021
a053a75f-c76c-4251-89f6-70006d87fd65,D01,BART,BART_030,BART_030.basePlot.all,distributed,evergreenForest,WGS84,44.053801,-71.308071,20.2,498.9,0.3,2016-06-02,SW40,1.7,75,1091225,Field Book for Describing and Sampling Soils ver3,soil pit,Center of pit,100,ZMAzjxpsatlP5Z3MpTDKhQ==,ZMAzjxpsatlP5Z3MpTDKhQ==,Natural Resource Conservation Service,S2016NH003006,Danforth,"Coarse-loamy over sandy or sandy-skeletal, isotic over mixed, frigid Typic Haplorthods",typic haplorthods,haplorthods,orthods,spodosols,pit;BART;20160602;BART_030;Roger DeKett Martha Stuart;17.3;075;40x40 SW marker;center of pit,,20201217T163045Z,RELEASE-2021
78f549e6-f450-4ba9-ba9e-f7330e7baac9,D01,BART,BART_019,BART_019.basePlot.all,distributed,mixedForest,WGS84,44.069366,-71.286161,20.1,240.3,0.2,2016-06-07,SW40,1.4,126,1091226,Field Book for Describing and Sampling Soils ver3,soil pit,Center of pit,100,ZMAzjxpsatlP5Z3MpTDKhQ==,ZMAzjxpsatlP5Z3MpTDKhQ==,Natural Resource Conservation Service,S2016NH003007,Monadnock,"Coarse-loamy over sandy or sandy-skeletal, isotic over mixed, frigid Typic Haplorthods",typic haplorthods,haplorthods,orthods,spodosols,pit;BART;20160607;BART_019;Roger DeKett Martha Stuart;14.2;126;center of plot;center of pit,,20201217T163045Z,RELEASE-2021
6767ad2d-9ab6-4c86-879a-eaf1ae54df8f,D01,BART,BART_023,BART_023.basePlot.all,distributed,evergreenForest,WGS84,44.049319,-71.263643,20.2,503,0.5,2016-06-10,SW20,1.2,104,1091227,Field Book for Describing and Sampling Soils ver3,soil pit,Center of pit,200,ZMAzjxpsatlP5Z3MpTDKhQ==,ZMAzjxpsatlP5Z3MpTDKhQ==,Natural Resource Conservation Service,S2016NH003008,Rawsonville,"Coarse-loamy, isotic, frigid Typic Haplohumods",typic haplohumods,haplohumods,humods,spodosols,pit;BART;20160610;BART_023;Roger DeKett Jessica Philippe Martha Stuart;11.5;104;20x20 SW marker;center of pit,,20201217T163045Z,RELEASE-2021
2709d87c-10ba-49cf-9e86-ee8ad535f6b8,D01,BART,BART_024,BART_024.basePlot.all,distributed,evergreenForest,WGS84,44.052775,-71.263787,20.1,433.6,0.2,2016-06-14,NE20,0.6,55,1091228,Field Book for Describing and Sampling Soils ver3,soil pit,Center of pit,200,ZMAzjxpsatlP5Z3MpTDKhQ==,ZMAzjxpsatlP5Z3MpTDKhQ==,Natural Resource Conservation Service,S2016NH003009,Knob Lock,"Dysic, frigid Lithic Udifolists",lithic udifolists,udifolists,folists,histosols,pit;BART;20160614;BART_024;Roger DeKett Martha Stuart;6.1;055;20x20 NE marker;center of pit,,20201217T163045Z,RELEASE-2021
731acff3-e554-429e-80f6-8504c9500af5,D01,BART,BART_015,BART_015.basePlot.all,distributed,mixedForest,WGS84,44.042915,-71.27314,20.2,437.9,0.3,2016-06-16,NE40,1.8,197,1091229,Field Book for Describing and Sampling Soils ver3,soil pit,Center of pit,100,ZMAzjxpsatlP5Z3MpTDKhQ==,ZMAzjxpsatlP5Z3MpTDKhQ==,Natural Resource Conservation Service,S2016NH003010,Marlow,"Coarse-loamy, isotic, frigid Oxyaquic Haplorthods",oxyaquic haplorthods,haplorthods,orthods,spodosols,pit;BART;20160616;BART_015;Roger DeKett Martha Stuart;18.4;197;40x40 NE marker;center of pit,,20201217T163045Z,RELEASE-2021
7251a1fc-dd7a-40fd-a45f-a4725d018861,D01,BART,BART_010,BART_010.basePlot.all,distributed,deciduousForest,WGS84,44.050073,-71.26668,20.1,430.2,0.2,2016-06-20,SW20,0.5,120,1091230,Field Book for Describing and Sampling Soils ver3,soil pit,Center of pit,100,ZMAzjxpsatlP5Z3MpTDKhQ==,ZMAzjxpsatlP5Z3MpTDKhQ==,Natural Resource Conservation Service,S2016NH003011,Marlow,"Loamy-skeletal, isotic, frigid Oxyaquic Haplorthods",oxyaquic haplorthods,haplorthods,orthods,spodosols,pit;BART;20160620;BART_010;Roger DeKett Martha Stuart;5.4;120;20x20 SW marker;center of pit,,20201217T163045Z,RELEASE-2021
aa338636-be32-409d-976d-268acc70ec7f,D01,BART,BART_005,BART_005.basePlot.all,distributed,mixedForest,WGS84,44.054614,-71.282188,20.3,306.9,0.4,2016-06-21,SW20,1,340,1091231,Field Book for Describing and Sampling Soils ver3,soil pit,Center of pit,100,ZMAzjxpsatlP5Z3MpTDKhQ==,ZMAzjxpsatlP5Z3MpTDKhQ==,Natural Resource Conservation Service,S2016NH003012,Series Not determined,"Loamy-skeletal over sandy or sandy-skeletal, isotic over mixed, frigid Histic Endoaquods",histic endoaquods,endoaquods,aquods,spodosols,pit;BART;20160621;BART_005;Roger DeKett Martha Stuart;10.2;340;20x20 SW marker;center of pit,,20201217T163045Z,RELEASE-2021
5867a59d-73c9-4fbf-a5fd-0342e4aca6cf,D01,BART,BART_004,BART_004.basePlot.all,distributed,mixedForest,WGS84,44.041571,-71.28692,20.2,526.4,0.3,2016-06-22,SW20,1.1,333,1091232,Field Book for Describing and Sampling Soils ver3,soil pit,Center of pit,100,ZMAzjxpsatlP5Z3MpTDKhQ==,ZMAzjxpsatlP5Z3MpTDKhQ==,Natural Resource Conservation Service,S2016NH003013,Marlow,"Coarse-loamy, isotic, frigid Oxyaquic Haplorthods",oxyaquic haplorthods,haplorthods,orthods,spodosols,pit;BART;20160622;BART_004;Roger DeKett Jessica Philippe Martha Stuart;10.6;333;20x20 SW marker;center of pit,,20201217T163045Z,RELEASE-2021
b41f6bcd-3862-49f7-9159-00c7c54e022b,D01,BART,BART_013,BART_013.basePlot.all,distributed,deciduousForest,WGS84,44.041737,-71.277598,20.2,415.4,0.2,2016-06-23,NW40,0.5,122,1091233,Field Book for Describing and Sampling Soils ver3,soil pit,Center of pit,100,khnyfeTHrVrnoE60k+Xq+OCoadk+UCyh,khnyfeTHrVrnoE60k+Xq+OCoadk+UCyh,Natural Resource Conservation Service,S2016NH003014,Marlow,"Coarse-loamy, isotic, frigid Oxyaquic Haplorthods",oxyaquic haplorthods,haplorthods,orthods,spodosols,pit;BART;20160623;BART_013;Jessica Philippe Martha Stuart;5.3;122;40x40 NW marker;center of pit,,20201217T163045Z,RELEASE-2021
67a33589-f825-42cb-af50-5db30f4dbcb7,D01,BART,BART_011,BART_011.basePlot.all,distributed,mixedForest,WGS84,44.050004,-71.296272,20.2,370.5,0.2,2016-06-24,SW20,0.6,307,1091234,Field Book for Describing and Sampling Soils ver3,soil pit,Center of pit,125,ZMAzjxpsatlP5Z3MpTDKhQ==,ZMAzjxpsatlP5Z3MpTDKhQ==,Natural Resource Conservation Service,S2016NH003015,Series Not Determined,"Loamy-skeletal, isotic, frigid Aquic Haplorthods",aquic haplorthods,haplorthods,orthods,spodosols,pit;BART;20160624;BART_011;Roger DeKett Martha Stuart;5.5;307;20x20 SW marker;center of pit,,20201217T163045Z,RELEASE-2021
130bf107-4c4f-488f-b3ef-354925f6f237,D01,HARV,HARV_015,HARV_015.basePlot.all,distributed,deciduousForest,WGS84,42.538822,-72.182055,20.1,363,0.1,2016-10-25,SW40,2,76,1126030,Field Book for Describing and Sampling Soils ver3,soil pit,Center of pit,100,7j6KtGic1DeWBCil8yP5Zg==,FJNYBhC120UGtz5RBVPGvg==,Natural Resource Conservation Service,S2016MA027015,Chichester,"Loamy-skeletal, mixed, superactive, frigid Typic Dystrudepts",typic dystrudepts,dystrudepts,udepts,inceptisols,Pit;HARV;20161025;HARV_015;Donald Parizek Jacob Isleib Shawn Finn Michael Margo;19.6;76;40X40 SW;center of pit,,20201217T145931Z,RELEASE-2021
4a37f450-06ec-45e4-b3ed-2ea5921bebb5,D01,HARV,HARV_022,HARV_022.basePlot.all,distributed,evergreenForest,WGS84,42.434188,-72.198776,20.2,193.5,0.3,2017-05-09,SW40,0.8,60,1111529,Field Book for Describing and Sampling Soils ver3,soil pit,Center of pit,170,7j6KtGic1DeWBCil8yP5Zg==,7j6KtGic1DeWBCil8yP5Zg==,Natural Resource Conservation Service,S2017MA027022,Windsor,"Mixed, mesic Typic Udipsamments",typic udipsamments,udipsamments,psamments,entisols,Pit;HARV;20170509;HARV_022; Donald Parizek Jacob Isleib Milton Vega;8.2;60;40X40 SW;center of pit,,20201217T212753Z,RELEASE-2021
eafe49c6-7f2f-4f13-8ca4-b05889c2fc6e,D01,HARV,HARV_030,HARV_030.basePlot.all,distributed,evergreenForest,WGS84,42.423045,-72.218966,20.1,171.8,0.1,2017-05-16,SE20,0.8,242,1215925,Field Book for Describing and Sampling Soils ver3,soil pit,Center of pit,112,7j6KtGic1DeWBCil8yP5Zg==,7j6KtGic1DeWBCil8yP5Zg==,Natural Resource Conservation Service,S2017MA027030,Hinckley,"Sandy-skeletal, mixed, mesic Typic Udorthents",typic udorthents,udorthents,orthents,entisols,Pit;HARV;20170516;HARV_030; Donald Parizek Jacob Isleib Milton Vega Janet Bryant Paul Bryant;7.6;242;20X20 SE;center of pit,,20201217T212753Z,RELEASE-2021
d2291062-ea68-4a80-8028-1a8b76f21e6b,D01,HARV,HARV_017,HARV_017.basePlot.all,distributed,deciduousForest,WGS84,42.481741,-72.26708,20.1,226.4,0.2,2017-05-23,SW40,1.1,60,1111530,Field Book for Describing and Sampling Soils ver3,soil pit,Center of pit,132,7j6KtGic1DeWBCil8yP5Zg==,7j6KtGic1DeWBCil8yP5Zg==,Natural Resource Conservation Service,S2017MA027017,Montauk,"Coarse-loamy, mixed, active, mesic Oxyaquic Dystrudepts",oxyaquic dystrudepts,dystrudepts,udepts,inceptisols,Pit;HARV;20170523;HARV_017; Donald Parizek Milton Vega Jacob Isleib ; Janet Bryant Paul Bryant 10.9;60;40X40 SW;center of pit,,20201217T212753Z,RELEASE-2021
68ec58b5-d07d-4ad5-aa6b-424953d8027d,D01,HARV,HARV_005,HARV_005.basePlot.all,distributed,deciduousForest,WGS84,42.489469,-72.275158,20.1,189.8,0.3,2017-05-30,SW40,0.7,58,1111532,Field Book for Describing and Sampling Soils ver3,soil pit,Center of pit,100,FJNYBhC120UGtz5RBVPGvg==,FJNYBhC120UGtz5RBVPGvg==,Natural Resource Conservation Service,S2017MA027005,Montauk,"Loamy-skeletal, mixed, active, mesic Oxyaquic Dystrudepts",oxyaquic dystrudepts,dystrudepts,udepts,inceptisols,Pit;HARV;20170530;HARV_005; Jacob Isleib Milton Vega Megan McClellan Amanda Davila;6.6;58;40X40 SW;center of pit,,20201217T212753Z,RELEASE-2021
42c9b85a-d786-4e63-a126-fa59e230f529,D01,HARV,HARV_031,HARV_031.basePlot.all,distributed,evergreenForest,WGS84,42.467507,-72.260079,20.1,160.6,0.2,2017-06-14,SW40,2,26,1215926,Field Book for Describing and Sampling Soils ver3,soil pit,Center of pit,104,7j6KtGic1DeWBCil8yP5Zg==,FJNYBhC120UGtz5RBVPGvg==,Natural Resource Conservation Service,S2017MA027031,Agawam,"Coarse-loamy over sandy or sandy-skeletal, mixed, active, mesic Typic Dystrudepts",typic dystrudepts,dystrudepts,udepts,inceptisols,Pit;HARV;20170614;HARV_031; Donald Parizek Jacob Isleib Milton Vega Megan McClellan Debbie Surabian David Zimmerman;19.0;26;40X40 SW;center of pit,,20201217T212720Z,RELEASE-2021
ede39c4a-2ef4-4bd1-9b58-2b9e26f51614,D01,HARV,HARV_058,HARV_058.basePlot.all,distributed,mixedForest,WGS84,42.469743,-72.25227,20.2,202.1,0.2,2017-06-21,NW40,1.5,134,1111533,Field Book for Describing and Sampling Soils ver3,soil pit,Center of pit,120,7j6KtGic1DeWBCil8yP5Zg==,7j6KtGic1DeWBCil8yP5Zg==,Natural Resource Conservation Service,S2017MA027058,Montauk,"Coarse-loamy, mixed, active, mesic Oxyaquic Dystrudepts",oxyaquic dystrudepts,dystrudepts,udepts,inceptisols,Pit;HARV;20170621;HARV_058; Donald Parizek Jacob Isleib David Zimmerman Michael Margo;14.6;134;40X40 NW;center of pit,,20201217T212720Z,RELEASE-2021
0852c008-e26b-40e6-be75-8e24c63bf031,D01,HARV,HARV_006,HARV_006.basePlot.all,distributed,deciduousForest,WGS84,42.403087,-72.25372,20.1,188.8,0.1,2017-06-27,SW40,0.5,32,1111534,Field Book for Describing and Sampling Soils ver3,soil pit,Center of pit,135,7j6KtGic1DeWBCil8yP5Zg==,7j6KtGic1DeWBCil8yP5Zg==,Natural Resource Conservation Service,S2017MA027006,Canton,"Coarse-loamy over sandy or sandy-skeletal, mixed, superactive, mesic Typic Dystrudepts",typic dystrudepts,dystrudepts,udepts,inceptisols,Pit;HARV;20170627;HARV_006; Donald Parizek Jacob Isleib Milton Vega Maggie Payne David Zimmerman Janet Bryant;5.2;32;40X40 SW;center of pit,,20201217T212720Z,RELEASE-2021
f4d1ab76-e4f0-4c4f-bc85-9ad06320314e,D01,HARV,HARV_001,HARV_001.basePlot.all,distributed,deciduousForest,WGS84,42.424246,-72.258285,20.1,190,0.2,2017-08-09,SW40,1.3,48,1111541,Field Book for Describing and Sampling Soils ver3,soil pit,Center of pit,100,7j6KtGic1DeWBCil8yP5Zg==,2qJYSCYXjjjPm/rj/SIM0A==,Natural Resource Conservation Service,S2017MA027001,Canton,"Loamy-skeletal over sandy or sandy-skeletal, mixed, superactive, mesic Typic Dystrudepts",typic dystrudepts,dystrudepts,udepts,inceptisols,Pit;HARV;20170809;HARV_001;Donald Parizek Milton Vega;12.9;48; 40X40 SW; center of pit,,20201217T212702Z,RELEASE-2021
a87916f7-988c-4f9a-afdc-84038c9b4b45,D01,HARV,HARV_013,HARV_013.basePlot.all,distributed,evergreenForest,WGS84,42.392282,-72.254598,20.2,184.6,0.2,2017-08-11,SE40,0.6,328,1215928,Field Book for Describing and Sampling Soils ver3,soil pit,Center of pit,122,7j6KtGic1DeWBCil8yP5Zg==,7j6KtGic1DeWBCil8yP5Zg==,Natural Resource Conservation Service,S2017MA027013,Chatfield,"Loamy-skeletal, mixed, superactive, mesic Typic Dystrudepts",typic dystrudepts,dystrudepts,udepts,inceptisols,Pit;HARV;20170811;HARV_013; Donald Parizek Milton Vega Jacob Isleib Megan McClellan;5.9;328;40X40 SE;center of pit,,20201217T212702Z,RELEASE-2021
f6836cd4-f644-43f3-b43a-04f556a8d7d0,D01,HARV,HARV_018,HARV_018.basePlot.all,distributed,deciduousForest,WGS84,42.432275,-72.232028,20.1,228.7,0.2,2017-08-14,SW40,0.5,5,1215929,Field Book for Describing and Sampling Soils ver3,soil pit,Center of pit,100,7j6KtGic1DeWBCil8yP5Zg==,7j6KtGic1DeWBCil8yP5Zg==,Natural Resource Conservation Service,S2017MA027018,Scituate,"Coarse-loamy, mixed, active, mesic Aquic Dystrudepts",aquic dystrudepts,dystrudepts,udepts,inceptisols,Pit;HARV;20170814;HARV_018; Donald Parizek Debbie Surabian Glenn Stanisewski Brendan McClure Jameson Lond;4.6;5;40X40 SW;center of pit,,20201217T212702Z,RELEASE-2021
89d1766e-7c90-477c-9961-9b666a2e6ffa,D01,HARV,HARV_008,HARV_008.basePlot.all,distributed,deciduousForest,WGS84,42.444557,-72.226082,20.2,242.2,0.2,2017-08-16,NW40,0.5,128,1215930,Field Book for Describing and Sampling Soils ver3,soil pit,Center of pit,115,7j6KtGic1DeWBCil8yP5Zg==,7j6KtGic1DeWBCil8yP5Zg==,Natural Resource Conservation Service,S2017MA027008,Sutton,"Coarse-loamy, mixed, superactive, mesic Aquic Dystrudepts",aquic dystrudepts,dystrudepts,udepts,inceptisols,Pit;HARV;20170816;HARV_008; Donald Parizek Jacob Isleib Milton Vega Megan McClellan Brendan McClure Jameson Long;5.3;128;40X40 NW;center of pit,,20201217T212702Z,RELEASE-2021
86f9427c-58b2-437c-b11f-fc634bb20601,D01,HARV,HARV_029,HARV_029.basePlot.all,distributed,evergreenForest,WGS84,42.466458,-72.237434,20.2,210.2,0.3,2017-08-22,SE40,2.1,289,1215931,Field Book for Describing and Sampling Soils ver3,soil pit,Center of pit,106,7j6KtGic1DeWBCil8yP5Zg==,7j6KtGic1DeWBCil8yP5Zg==,Natural Resource Conservation Service,S2017MA027029,Canton,"Sandy-skeletal, mixed, mesic Typic Dystrudepts",typic dystrudepts,dystrudepts,udepts,inceptisols,Pit;HARV;20170822;HARV_029; Donald Parizek Jacob Isleib Tamara Hillman Blair Hudson;21.0;289;40X40 SE;center of pit,,20201217T212702Z,RELEASE-2021
2603c58b-9314-4743-830e-c6d96a3ab086,D01,HARV,HARV_011,HARV_011.basePlot.all,distributed,deciduousForest,WGS84,42.455924,-72.238278,20.3,231.5,0.4,2017-08-23,SW40,1.2,38,1215932,Field Book for Describing and Sampling Soils ver3,soil pit,Center of pit,105,7j6KtGic1DeWBCil8yP5Zg==,7j6KtGic1DeWBCil8yP5Zg==,Natural Resource Conservation Service,S2017MA027011,Newfields,"Coarse-loamy over sandy or sandy-skeletal, mixed, superactive, mesic Aquic Dystrudepts",aquic dystrudepts,dystrudepts,udepts,inceptisols,Pit;HARV;20170823;HARV_011; Donald Parizek Milton Vega Janet Bryant Paul Bryant;11.8;38;40X40 SW;center of pit,,20201217T212702Z,RELEASE-2021
b6ab84a9-f512-495e-8cbf-27dd2dc51fd8,D01,HARV,HARV_021,HARV_021.basePlot.all,distributed,evergreenForest,WGS84,42.45243,-72.250472,20.1,175.1,0.1,2017-08-24,SW40,0.4,69,1215933,Field Book for Describing and Sampling Soils ver3,soil pit,Center of pit,106,7j6KtGic1DeWBCil8yP5Zg==,FJNYBhC120UGtz5RBVPGvg==,Natural Resource Conservation Service,S2017MA027021,Sudbury,"Sandy-skeletal, mixed, mesic Oxyaquic Udorthents",oxyaquic udorthents,udorthents,orthents,entisols,Pit;HARV;20170824;HARV_021; Donald Parizek Glenn Stanisewski Brendan McClure Jacob Isleib Milton Vega;3.5;69;40X40 SW;center of pit,,20201217T212702Z,RELEASE-2021
4a3f6f90-6b92-456a-963f-11c4a066ff2b,D01,HARV,HARV_027,HARV_027.basePlot.all,distributed,evergreenForest,WGS84,42.43035,-72.253258,20.1,183.1,0.2,2017-08-25,SW40,0.8,62,1111542,Field Book for Describing and Sampling Soils ver3,soil pit,Center of pit,100,7j6KtGic1DeWBCil8yP5Zg==,7j6KtGic1DeWBCil8yP5Zg==,Natural Resource Conservation Service,S2017MA027027,Leicester,"Loamy-skeletal, mixed, superactive, nonacid, mesic Typic Humaquepts",typic humaquepts,humaquepts,aquepts,inceptisols,Pit;HARV;20170825;HARV_027; Donald Parizek Jacob Isleib Milton Vega;8.4;62;40X40 SW;center of pit,,20201217T212702Z,RELEASE-2021
8104639c-d9a7-409b-a1d3-d5d30d30016f,D01,HARV,HARV_059,HARV_059.basePlot.all,distributed,mixedForest,WGS84,42.480806,-72.275442,20.3,168.8,0.4,2017-08-28,SW40,1.5,32,1126066,Field Book for Describing and Sampling Soils ver3,soil pit,Center of pit,105,7j6KtGic1DeWBCil8yP5Zg==,7j6KtGic1Dd+L6YvioZ/MX2dlbamlR7XkaHC6Yzxj+QfLuAr3QWOZYQ4fDj0YUK0,Natural Resource Conservation Service,S2017MA027059,Newfields,"Coarse-loamy over sandy or sandy-skeletal, mixed, active, mesic Oxyaquic Dystrudepts",oxyaquic dystrudepts,dystrudepts,udepts,inceptisols,Pit;HARV;20170828;HARV_059; Donald Parizek Jacob Isleib Milton Vega Brendan McClure Paul Bryant Luis Hernandez Janet Bryant Christina Cerino;15.0;32;40X40 SW;center of pit,,20201217T212702Z,RELEASE-2021
3a5571c8-d893-49ff-bd18-47579179f5b1,D01,HARV,HARV_024,HARV_024.basePlot.all,distributed,woodyWetlands,WGS84,42.459993,-72.25087,20.1,175.6,0.1,2017-08-29,SW20,0.3,200,1111543,Field Book for Describing and Sampling Soils ver3,soil core,Center of pit,150,7j6KtGic1DeWBCil8yP5Zg==,2qJYSCYXjjjPm/rj/SIM0A==,Natural Resource Conservation Service,S2017MA027024,Freetown,"Dysic, mesic Typic Haplosaprists",typic haplosaprists,haplosaprists,saprists,histosols,Pit;HARV;20170829;HARV_024; Donald Parizek Brendan McClure Jacob Isleib Milton Vega Janet Bryant Paul Bryant;3.2;200;20X20 SW;center of pit,,20201217T212702Z,RELEASE-2021
f48ef1d6-26a1-435f-92d5-cc1dedf34309,D02,SERC,SERC_025,SERC_025.basePlot.all,distributed,deciduousForest,WGS84,38.88641,-76.551826,20.4,16.8,0.8,2016-04-04,SW20,1.2,130,1139238,Field Book for Describing and Sampling Soils ver3,soil pit,Center of pit,100,1O7l74InlkcMOEpazm832A==,OTHDqMfYVUTohb/lY36tNw==,Natural Resource Conservation Service,S2016MD003025,Annapolis,"Fine-loamy, glauconitic, mesic Typic Hapludults",typic hapludults,hapludults,udults,ultisols,11.7;130;20x20 SW marker,,20201217T174747Z,RELEASE-2021
9bd1a2ea-9f4a-4e09-aee8-0c81a77f8e27,D02,SERC,SERC_068,SERC_068.basePlot.all,distributed,deciduousForest,WGS84,38.88011,-76.556735,20.2,22.8,0.3,2016-04-05,SW20,0.9,242,1139241,Field Book for Describing and Sampling Soils ver3,soil pit,Center of pit,100,3KGOx8luMCDYWARSjX7JFw==,1C60H6i89L/V3V2yrOBZ2g==,Natural Resource Conservation Service,S2016MD003068,Marr,"Fine-loamy, siliceous, semiactive, mesic Typic Hapludults",typic hapludults,hapludults,udults,ultisols,9.2;180;20x20 SW marker,,20201217T174747Z,RELEASE-2021
27dc5ac0-3099-4c94-9963-62256383be40,D02,SERC,SERC_012,SERC_012.basePlot.all,distributed,deciduousForest,WGS84,38.878648,-76.560977,20.3,24.5,0.3,2016-04-05,SW20,0.4,162,1139242,Field Book for Describing and Sampling Soils ver3,soil pit,Center of pit,100,j7C/PAKF/oIL2vrgyfNJgw==,OTHDqMfYVUTohb/lY36tNw==,Natural Resource Conservation Service,S2016MD003012,Collington,"Fine-loamy, mixed, active, mesic Typic Hapludults",typic hapludults,hapludults,udults,ultisols,4.1;162;20x20 SW marker,,20201217T174747Z,RELEASE-2021
f9980ab4-b6ee-4c40-a087-9422b79fa4d2,D02,SERC,SERC_022,SERC_022.basePlot.all,distributed,deciduousForest,WGS84,38.875454,-76.554591,20.1,17.6,0.1,2016-04-05,SW20,2.1,356,1139239,Field Book for Describing and Sampling Soils ver3,soil pit,Center of pit,100,3KGOx8luMCDYWARSjX7JFw==,1C60H6i89L/V3V2yrOBZ2g==,Natural Resource Conservation Service,S2016MD003022,Dodon,"Fine-loamy, siliceous, semiactive, mesic Aquic Hapludults",aquic hapludults,hapludults,udults,ultisols,20.6;356;20x20 SW marker,,20201217T174747Z,RELEASE-2021
223e24f8-3178-463d-9d88-f02813aa7cb0,D02,SERC,SERC_004,SERC_004.basePlot.all,distributed,deciduousForest,WGS84,38.87241,-76.554055,20.1,16.1,0.1,2016-04-05,NE20,0.6,350,1139240,Field Book for Describing and Sampling Soils ver3,soil pit,Center of pit,100,1O7l74InlkcMOEpazm832A==,OTHDqMfYVUTohb/lY36tNw==,Natural Resource Conservation Service,S2016MD003004,Collington,"Fine-loamy, mixed, active, mesic Typic Hapludults",typic hapludults,hapludults,udults,ultisols,6;250;20x20 NE marker,,20201217T174747Z,RELEASE-2021
91b3d8b5-f634-4a91-81e0-364190039509,D02,SERC,SERC_020,SERC_020.basePlot.all,distributed,cultivatedCrops,WGS84,38.870108,-76.535927,20.1,4.9,0.1,2016-04-06,SW20,1.2,55,1139248,Field Book for Describing and Sampling Soils ver3,soil pit,Center of pit,100,3KGOx8luMCDYWARSjX7JFw==,1C60H6i89L/V3V2yrOBZ2g==,Natural Resource Conservation Service,S2016MD003020,Holmdel,"Fine-loamy, glauconitic, active, mesic Aquic Hapludults",aquic hapludults,hapludults,udults,ultisols,12;55;20x20 SW marker,,20201217T174747Z,RELEASE-2021
15e3b586-5983-465e-82b7-f42507813269,D02,SERC,SERC_001,SERC_001.basePlot.all,distributed,deciduousForest,WGS84,38.868693,-76.533585,20.1,6.3,0.2,2016-04-06,SW20,1.1,225,1139244,Field Book for Describing and Sampling Soils ver3,soil pit,Center of pit,100,pdtKwSikLpqRyiko2qSxmg==,OTHDqMfYVUTohb/lY36tNw==,Natural Resource Conservation Service,S2016MD003001,Woodstown,"Fine-loamy, mixed, active, mesic Aquic Hapludults",aquic hapludults,hapludults,udults,ultisols,11;225;20x20 SW marker,,20201217T174747Z,RELEASE-2021
6d4d74c2-2cf4-4138-89fd-1e5ece0a5d67,D02,SERC,SERC_011,SERC_011.basePlot.all,distributed,deciduousForest,WGS84,38.898525,-76.551056,20.4,34.7,0.7,2016-04-06,SW20,1.6,333,1139243,Field Book for Describing and Sampling Soils ver3,soil pit,Center of pit,100,3KGOx8luMCDYWARSjX7JFw==,1C60H6i89L/V3V2yrOBZ2g==,Natural Resource Conservation Service,S2016MD003011,Sassafras,"Fine-loamy, siliceous, semiactive, mesic Typic Hapludults",typic hapludults,hapludults,udults,ultisols,16.3;333;20x20 SW marker,,20201217T174747Z,RELEASE-2021
ee9959cb-f38c-4109-ae89-18e7938eadff,D02,SERC,SERC_026,SERC_026.basePlot.all,distributed,deciduousForest,WGS84,38.901228,-76.55059,20.1,9.7,0.1,2016-04-06,SE20,0.5,110,1139249,Field Book for Describing and Sampling Soils ver3,soil pit,Center of pit,100,1O7l74InlkcMOEpazm832A==,OTHDqMfYVUTohb/lY36tNw==,Natural Resource Conservation Service,S2016MD003026,Donlonton,"Fine-loamy, glauconitic, mesic Oxyaquic Hapludults",oxyaquic hapludults,hapludults,udults,ultisols,4.9;110;20x20 SE marker,,20201217T174747Z,RELEASE-2021
c95c0026-d159-4010-ab4b-3cb9dc3d1c44,D02,SERC,SERC_006,SERC_006.basePlot.all,distributed,deciduousForest,WGS84,38.88109,-76.547314,20.1,3.1,0.1,2016-04-07,SW20,0.9,28,1139234,Field Book for Describing and Sampling Soils ver3,soil pit,Center of pit,100,1O7l74InlkcMOEpazm832A==,pXilQMREB+ZRpei+dDDosA==,Natural Resource Conservation Service,S2016MD003006,Adelphia,"Fine-loamy, mixed, active, nonacid, mesic Aquic Hapludults",aquic hapludults,hapludults,udults,ultisols,8.7;28;20x20 NE marker,,20201217T174747Z,RELEASE-2021
ec1ea612-b14e-47a8-bd23-6ab923d1fe2e,D02,SERC,SERC_019,SERC_019.basePlot.all,distributed,deciduousForest,WGS84,38.871775,-76.550692,20.1,17,0.2,2016-04-07,SE20,0.3,264,1139247,Field Book for Describing and Sampling Soils ver3,soil pit,Center of pit,100,pdtKwSikLpqRyiko2qSxmg==,pXilQMREB+ZRpei+dDDosA==,Natural Resource Conservation Service,S2016MD003019,Donlonton,"Fine-loamy, glauconitic, mesic Aquic Hapludults",aquic hapludults,hapludults,udults,ultisols,3;84;20x20 SE marker,,20201217T174747Z,RELEASE-2021
f631057a-ebfe-4686-93ee-423fcae30264,D02,SERC,SERC_009,SERC_009.basePlot.all,distributed,deciduousForest,WGS84,38.897571,-76.561169,20.2,17.1,0.2,2016-04-07,SW20,0.9,220,1139235,Field Book for Describing and Sampling Soils ver3,soil pit,Center of pit,100,pdtKwSikLpqRyiko2qSxmg==,1C60H6i89L/V3V2yrOBZ2g==,Natural Resource Conservation Service,S2016MD003009,Marr,"Fine-loamy, siliceous, semiactive, mesic Oxyaquic Hapludults",oxyaquic hapludults,hapludults,udults,ultisols,8.6;220;20x20 SW marker,,20201217T174747Z,RELEASE-2021
9f2da1bc-5158-41c3-aa3d-0d2a2a90172d,D02,SERC,SERC_010,SERC_010.basePlot.all,distributed,deciduousForest,WGS84,38.909676,-76.546253,20.2,25.4,0.2,2016-04-08,SW20,1.7,344,1139233,Field Book for Describing and Sampling Soils ver3,soil pit,Center of pit,100,3KGOx8luMCDYWARSjX7JFw==,hHD72XxOT5wMu5gR4hPZig==,Natural Resource Conservation Service,S2016MD003010,Wist,"Fine-loamy, mixed, subactive, mesic Aquic Hapludults",aquic hapludults,hapludults,udults,ultisols,17;344;20x20 SW marker,,20201217T174747Z,RELEASE-2021
74deee93-c7bb-4c06-896d-0acf14fd88cc,D02,SERC,SERC_030,SERC_030.basePlot.all,distributed,cultivatedCrops,WGS84,38.910052,-76.548984,20,16.9,0,2016-04-08,SW40,0.8,80,1139232,Field Book for Describing and Sampling Soils ver3,soil pit,Center of pit,100,j7C/PAKF/oIL2vrgyfNJgw==,OTHDqMfYVUTohb/lY36tNw==,Natural Resource Conservation Service,S2016MD003030,Hurlock,"Coarse-loamy, siliceous, semiactive, mesic Typic Endoaquults",typic endoaquults,endoaquults,aquults,ultisols,8;80;40x40 SW marker,,20201217T174747Z,RELEASE-2021
805229cc-6af4-4714-b123-6789903b8c3c,D02,SERC,SERC_028,SERC_028.basePlot.all,distributed,cultivatedCrops,WGS84,38.871746,-76.522041,20.1,2.3,0.1,2016-04-18,SW40,0.4,7,1139237,Field Book for Describing and Sampling Soils ver3,soil pit,Center of pit,100,3KGOx8luMCDYWARSjX7JFw==,3KGOx8luMCDYWARSjX7JFw==,Natural Resource Conservation Service,S2016MD003028,Sharptown,"Fine-silty, mixed, active, mesic Aquic Hapludults",aquic hapludults,hapludults,udults,ultisols,36.2;7;40x40 SW marker,,20201217T174747Z,RELEASE-2021
0f991efc-85bb-42b6-8721-046c82666acd,D02,SERC,SERC_029,SERC_029.basePlot.all,distributed,cultivatedCrops,WGS84,38.871199,-76.528949,20.1,4.9,0.1,2016-04-18,SW40,1.6,30,1139251,Field Book for Describing and Sampling Soils ver3,soil pit,Center of pit,100,WN2Lu684pdyJgqGEQWei7A==,3KGOx8luMCDYWARSjX7JFw==,Natural Resource Conservation Service,S2016MD003029,Donlonton,"Fine-loamy, glauconitic, mesic Aquic Hapludults",aquic hapludults,hapludults,udults,ultisols,16;30;40x40 SW marker,,20201217T174747Z,RELEASE-2021
f183559c-1ea0-4e89-8d39-b1b4d78c5805,D02,SERC,SERC_013,SERC_013.basePlot.all,distributed,deciduousForest,WGS84,38.871792,-76.544434,20.2,2.2,0.3,2016-04-19,SW20,1.1,170,1139246,Field Book for Describing and Sampling Soils ver3,soil pit,Center of pit,100,3KGOx8luMCDYWARSjX7JFw==,pXilQMREB+ZRpei+dDDosA==,Natural Resource Conservation Service,S2016MD003013,Donlonton,"Fine-loamy, glauconitic, mesic Aquic Hapludults",aquic hapludults,hapludults,udults,ultisols,11.2;170;20x20 SE marker,,20201217T174747Z,RELEASE-2021
780036d3-fc9d-473c-83dc-d72c66a179dd,D02,SERC,SERC_027,SERC_027.basePlot.all,distributed,cultivatedCrops,WGS84,38.87364,-76.543648,20.1,2.8,0.1,2016-04-19,NW40,1,43,1139250,Field Book for Describing and Sampling Soils ver3,soil pit,Center of pit,100,1O7l74InlkcMOEpazm832A==,WN2Lu684pdyJgqGEQWei7A==,Natural Resource Conservation Service,S2016MD003027,Annapolis,"Fine-loamy, glauconitic, mesic Typic Hapludults",typic hapludults,hapludults,udults,ultisols,9.5;180;40x40 NW marker,,20201217T174747Z,RELEASE-2021
b6355f96-1120-42ae-ab59-fde4199cb53a,D02,SERC,SERC_007,SERC_007.basePlot.all,distributed,cultivatedCrops,WGS84,38.873795,-76.539828,20.1,4.1,0.1,2016-04-19,SW40,0.3,16,1139245,Field Book for Describing and Sampling Soils ver3,soil pit,Center of pit,100,3KGOx8luMCDYWARSjX7JFw==,pXilQMREB+ZRpei+dDDosA==,Natural Resource Conservation Service,S2016MD003007,Donlonton,"Fine-loamy, glauconitic, mesic Aquic Hapludults",aquic hapludults,hapludults,udults,ultisols,31.7;16;40x40 SW marker,,20201217T174747Z,RELEASE-2021
c6019618-a3c8-4993-a44e-194683f02f96,D02,SERC,SERC_014,SERC_014.basePlot.all,distributed,deciduousForest,WGS84,38.875995,-76.541096,20.1,2.1,0.2,2016-04-19,NW40,1,180,1139236,Field Book for Describing and Sampling Soils ver3,soil pit,Center of pit,100,WN2Lu684pdyJgqGEQWei7A==,WN2Lu684pdyJgqGEQWei7A==,Natural Resource Conservation Service,S2016MD003014,Donlonton,"Fine-loamy, glauconitic, semiactive, mesic Aquic Hapludults",aquic hapludults,hapludults,udults,ultisols,9.5;180;40x40 NW marker,,20201217T174747Z,RELEASE-2021
fc2572d2-8e79-441a-b4e9-ed03f569038e,D05,TREE,TREE_019,TREE_019.basePlot.all,distributed,mixedForest,WGS84,45.494384,-89.574026,20.3,466.4,0.3,2016-10-17,SW40,0.8,60,1097783,Field Book for Describing and Sampling Soils ver3,soil pit,Center of pit,100,k5P008H1dBIWP3+RcApLHg==,k5P008H1dBIWP3+RcApLHg==,Natural Resource Conservation Service,S2016WI069019,Croswood,"Sandy, mixed, frigid Oxyaquic Haplorthods",oxyaquic haplorthods,haplorthods,orthods,spodosols,,,20201217T183044Z,RELEASE-2021
2bc85893-ceef-4fdf-b0ef-86614017f1ec,D05,TREE,TREE_006,TREE_006.basePlot.all,distributed,mixedForest,WGS84,45.491627,-89.551228,20.3,466.2,0.4,2016-10-17,SW40,0.1,86,1097779,Field Book for Describing and Sampling Soils ver3,soil pit,Center of pit,100,+BegkLGg7OJQnF3sVoXBwA==,PUHmls2cLqQ7Y5yEXhs8Rg==,Natural Resource Conservation Service,S2016WI069006,Padwood,"Coarse-loamy, mixed, superactive, frigid Lamellic Oxyaquic Haplorthods",lamellic oxyaquic haplorthods,haplorthods,orthods,spodosols,,,20201217T183044Z,RELEASE-2021
00544ffd-9b1c-4674-9719-8b6414fbfa41,D05,TREE,TREE_011,TREE_011.basePlot.all,distributed,woodyWetlands,WGS84,45.497234,-89.554554,20.1,452.1,0.2,2016-10-17,SW40,0.3,84,1097781,Field Book for Describing and Sampling Soils ver3,soil pit,Center of pit,90,lQFWaX8ND5705tcIYNRHzQ==,PUHmls2cLqQ7Y5yEXhs8Rg==,Natural Resource Conservation Service,S2016WI069011,Cathro,"Loamy, mixed, euic, frigid Terric Haplosaprists",terric haplosaprists,haplosaprists,saprists,histosols,,,20201217T183044Z,RELEASE-2021
7a2759be-fdb5-4999-88f6-cd484e6b7040,D05,TREE,TREE_017,TREE_017.basePlot.all,distributed,deciduousForest,WGS84,45.492422,-89.576619,20.2,465.8,0.2,2016-10-17,SW40,0.8,30,1097782,Field Book for Describing and Sampling Soils ver3,soil pit,Center of pit,100,k5P008H1dBIWP3+RcApLHg==,ykqMd4/pgwglJkU3Trp3vQ==,Natural Resource Conservation Service,S2016WI069017,Croswood,"Sandy, mixed, frigid Oxyaquic Haplorthods",oxyaquic haplorthods,haplorthods,orthods,spodosols,,,20201217T183044Z,RELEASE-2021
d9e5655e-3753-4499-8523-1d3a37e561e8,D05,TREE,TREE_021,TREE_021.basePlot.all,distributed,deciduousForest,WGS84,45.496656,-89.567981,20.2,470.9,0.2,2016-10-18,SW40,0.4,55,1097785,Field Book for Describing and Sampling Soils ver3,soil pit,Center of pit,100,k5P008H1dBIWP3+RcApLHg==,gxgwMWcpCWkVCrgfY63YoA==,Natural Resource Conservation Service,S2016WI069021,Sayner,"Sandy, mixed, frigid Entic Haplorthods",entic haplorthods,haplorthods,orthods,spodosols,,,20201217T183044Z,RELEASE-2021
1364b1c2-66c1-4e9c-b97d-6bbf33ff7210,D05,TREE,TREE_009,TREE_009.basePlot.all,distributed,woodyWetlands,WGS84,45.485858,-89.569418,20.3,449.6,0.5,2016-10-18,SW40,0.1,26,1097780,Field Book for Describing and Sampling Soils ver3,soil pit,Center of pit,100,lQFWaX8ND5705tcIYNRHzQ==,PUHmls2cLqQ7Y5yEXhs8Rg==,Natural Resource Conservation Service,S2016WI069009,Loxley,"Dysic, frigid Typic Haplosaprists",typic haplosaprists,haplosaprists,saprists,histosols,,,20201217T183044Z,RELEASE-2021
22db7d1d-5dfe-4706-aca6-1b43d2d5fdd4,D05,TREE,TREE_001,TREE_001.basePlot.all,distributed,evergreenForest,WGS84,45.487729,-89.569881,20.2,452.5,0.2,2016-10-18,SW40,0.1,32,1097778,Field Book for Describing and Sampling Soils ver3,soil pit,Center of pit,100,+BegkLGg7OJQnF3sVoXBwA==,PUHmls2cLqQ7Y5yEXhs8Rg==,Natural Resource Conservation Service,S2016WI069001,Sayner,"Sandy, mixed, frigid Entic Haplorthods",entic haplorthods,haplorthods,orthods,spodosols,,,20201217T183044Z,RELEASE-2021
e77a739f-ed94-4feb-a2c1-b83c4d0972fc,D05,TREE,TREE_020,TREE_020.basePlot.all,distributed,deciduousForest,WGS84,45.492521,-89.560121,20.1,463.4,0.1,2016-10-18,SW40,1.4,35,1097784,Field Book for Describing and Sampling Soils ver3,soil pit,Center of pit,100,gxgwMWcpCWkVCrgfY63YoA==,ykqMd4/pgwglJkU3Trp3vQ==,Natural Resource Conservation Service,S2016WI069020,Sayner,"Sandy, mixed, frigid Entic Haplorthods",entic haplorthods,haplorthods,orthods,spodosols,,,20201217T183044Z,RELEASE-2021
6e25e595-4e7f-498f-95d9-b0240bfe0e8b,D05,TREE,TREE_041,TREE_041.basePlot.all,tower,deciduousForest,WGS84,45.494189,-89.587995,20.2,464.8,0.2,2016-10-18,SW40,0.2,51,1097787,Field Book for Describing and Sampling Soils ver3,soil core,Center of pit,100,lQFWaX8ND5705tcIYNRHzQ==,lQFWaX8ND5705tcIYNRHzQ==,Natural Resource Conservation Service,S2016WI069041,Moodig,"Coarse-loamy, mixed, superactive, frigid Alfic Epiaquods",alfic epiaquods,epiaquods,aquods,spodosols,,,20201217T183044Z,RELEASE-2021
92ce2614-3941-4a98-b4ea-5c6b8eebc824,D05,TREE,TREE_024,TREE_024.basePlot.all,distributed,evergreenForest,WGS84,45.489236,-89.549989,20.2,449.9,0.2,2016-10-19,SW40,1.1,15,1097786,Field Book for Describing and Sampling Soils ver3,soil pit,Center of pit,100,gxgwMWcpCWkVCrgfY63YoA==,lQFWaX8ND5705tcIYNRHzQ==,Natural Resource Conservation Service,S2016WI069024,Croswell,"Sandy, mixed, frigid Oxyaquic Haplorthods",oxyaquic haplorthods,haplorthods,orthods,spodosols,,,20201217T183044Z,RELEASE-2021
b85a9d1f-5d8e-4883-bfb5-558dbd2430d9,D05,TREE,TREE_050,TREE_050.basePlot.all,tower,evergreenForest,WGS84,45.49009,-89.590096,20.2,465.6,0.2,2016-10-19,SW40,0.4,30,1097788,Field Book for Describing and Sampling Soils ver3,soil core,Center of pit,100,k5P008H1dBIWP3+RcApLHg==,+BegkLGg7OJQnF3sVoXBwA==,Natural Resource Conservation Service,S2016WI069050,Croswood,"Sandy, mixed, frigid Oxyaquic Haplorthods",oxyaquic haplorthods,haplorthods,orthods,spodosols,,,20201217T183044Z,RELEASE-2021
89238536-ea57-4c87-9bd7-ec3283fd177c,D07,ORNL,ORNL_014,ORNL_014.basePlot.all,distributed,deciduousForest,WGS84,35.939979,-84.305649,20.1,299.2,0.1,2016-08-02,SW40,0.1,27,898906,Field Book for Describing and Sampling Soils ver3,soil pit,center of pit,100,ettCtgcPs30Rr7A+H7Nvbg==,v+EsfoE1jz7iS9pY+fRUwQ==,Natural Resource Conservation Service,S2016TN145014,Fullerton,"Fine, kaolinitic, thermic Typic Paleudults",typic paleudults,paleudults,udults,ultisols,10.7;27;40x40SW marker,,20201217T145541Z,RELEASE-2021
b9e5a414-e2f1-4995-ba4c-a082e57b6402,D07,ORNL,ORNL_001,ORNL_001.basePlot.all,distributed,deciduousForest,WGS84,35.930248,-84.270109,20.1,244.7,0.1,2016-08-02,SW40,0.2,15,898909,Field Book for Describing and Sampling Soils ver3,soil pit,center of pit,100,Fs2eXi/J2H5AewCTB0GQXA==,Fs2eXi/J2H5AewCTB0GQXA==,Natural Resource Conservation Service,S2016TN001001,Shady,"Fine-loamy, mixed, subactive, thermic Typic Hapludults",typic hapludults,hapludults,udults,ultisols,19.1;15;40x40SW marker,,20201217T145541Z,RELEASE-2021
bdade871-01c8-46a9-aec3-333337ce800b,D07,ORNL,ORNL_018,ORNL_018.basePlot.all,distributed,deciduousForest,WGS84,35.933929,-84.276978,20.1,261.5,0.1,2016-08-02,SW40,0.2,15,898910,Field Book for Describing and Sampling Soils ver3,soil pit,center of pit,100,Fs2eXi/J2H5AewCTB0GQXA==,Fs2eXi/J2H5AewCTB0GQXA==,Natural Resource Conservation Service,S2016TN001018,Series Not Designated,"Loamy-skeletal, siliceous, subactive, thermic Typic Hapludults",typic hapludults,hapludults,udults,ultisols,19.1;15;40x40SW marker,,20201217T145541Z,RELEASE-2021
54f6b72e-3b3f-422c-9b56-3e3ba12a7aa4,D07,ORNL,ORNL_007,ORNL_007.basePlot.all,distributed,deciduousForest,WGS84,35.925371,-84.329755,20.1,268.3,0.1,2016-08-03,NW40,0.3,107,898908,Field Book for Describing and Sampling Soils ver3,soil pit,center of pit,100,ettCtgcPs30Rr7A+H7Nvbg==,v+EsfoE1jz7iS9pY+fRUwQ==,Natural Resource Conservation Service,S2016TN145007,Bodine,"Loamy-skeletal, siliceous, semiactive, thermic Typic Paleudults",typic paleudults,paleudults,udults,ultisols,30;107;40x40NW marker,,20201217T145541Z,RELEASE-2021
5a8d6633-5ec1-43b4-a67c-47931c722b27,D07,ORNL,ORNL_003,ORNL_003.basePlot.all,distributed,deciduousForest,WGS84,35.965875,-84.230646,20.1,260.1,0.1,2016-08-03,SW40,0.1,40,882498,Field Book for Describing and Sampling Soils ver3,soil pit,center of pit,69,Fs2eXi/J2H5AewCTB0GQXA==,Fs2eXi/J2H5AewCTB0GQXA==,Natural Resource Conservation Service,S2016TN001003,Montevallo,"Loamy-skeletal, mixed, subactive, thermic Typic Dystrudepts",typic dystrudepts,dystrudepts,udepts,inceptisols,"",,20201217T145541Z,RELEASE-2021
1b2fa443-6be2-4b37-ba47-0b45c2e36433,D07,ORNL,ORNL_015,ORNL_015.basePlot.all,distributed,deciduousForest,WGS84,35.965463,-84.236993,20.1,267.2,0.2,2016-08-03,SW40,0.2,77,882500,Field Book for Describing and Sampling Soils ver3,soil pit,center of pit,35,Fs2eXi/J2H5AewCTB0GQXA==,Fs2eXi/J2H5AewCTB0GQXA==,Natural Resource Conservation Service,S2016TN001015,Montevallo,"Loamy-skeletal, mixed, subactive, thermic, shallow Typic Dystrudepts",typic dystrudepts,dystrudepts,udepts,inceptisols,"",,20201217T145541Z,RELEASE-2021
8285941c-5e34-42f0-84fa-92011215e039,D07,ORNL,ORNL_008,ORNL_008.basePlot.all,distributed,deciduousForest,WGS84,35.93276,-84.332543,20.2,321.6,0.4,2016-08-03,SW40,0.3,360,898905,Field Book for Describing and Sampling Soils ver3,soil pit,center of pit,100,ettCtgcPs30Rr7A+H7Nvbg==,v+EsfoE1jz7iS9pY+fRUwQ==,Natural Resource Conservation Service,S2016TN145008,Minvale,"Fine-loamy, siliceous, subactive, thermic Typic Paleudults",typic paleudults,paleudults,udults,ultisols,25;354;40x40SW marker,,20201217T145541Z,RELEASE-2021
08fe8f4b-77c0-4c87-ae55-02ea873733f8,D07,ORNL,ORNL_004,ORNL_004.basePlot.all,distributed,deciduousForest,WGS84,35.907944,-84.275214,20.1,293.1,0.2,2016-08-04,SW40,0.1,78,898914,Field Book for Describing and Sampling Soils ver3,soil pit,center of pit,44,Fs2eXi/J2H5AewCTB0GQXA==,Fs2eXi/J2H5AewCTB0GQXA==,Natural Resource Conservation Service,S2016TN145004,Bodine,"Loamy-skeletal, siliceous, semiactive, thermic Typic Paleudults",typic paleudults,paleudults,udults,ultisols,8.6;78;40x40SE marker,,20201217T145541Z,RELEASE-2021
63fe6a9f-bdbe-4746-a6bf-0de2b9d239ce,D07,ORNL,ORNL_032,ORNL_032.basePlot.all,distributed,evergreenForest,WGS84,35.944521,-84.326487,20.2,260.7,0.3,2016-08-04,SW40,0.2,20,898904,Field Book for Describing and Sampling Soils ver3,soil pit,center of pit,100,ettCtgcPs30Rr7A+H7Nvbg==,v+EsfoE1jz7iS9pY+fRUwQ==,Natural Resource Conservation Service,S2016TN145032,Etowah,"Fine-loamy, siliceous, semiactive, thermic Typic Paleudults",typic paleudults,paleudults,udults,ultisols,17;320;40x40 SW marker,,20201217T145541Z,RELEASE-2021
68a20532-722b-4f87-a02b-cdfac97cd7ad,D07,ORNL,ORNL_010,ORNL_010.basePlot.all,distributed,deciduousForest,WGS84,35.953307,-84.332168,20.1,305.1,0.2,2016-08-04,SW40,0.2,23,898907,Field Book for Describing and Sampling Soils ver3,soil pit,center of pit,58,ettCtgcPs30Rr7A+H7Nvbg==,v+EsfoE1jz7iS9pY+fRUwQ==,Natural Resource Conservation Service,S2016TN145010,Sunlight,"Loamy-skeletal, mixed, semiactive, thermic Inceptic Hapludults",inceptic hapludults,hapludults,udults,ultisols,17;23;40x40SW marker,,20201217T145541Z,RELEASE-2021
8df76ae3-5395-41ac-a38f-e5796fd846fa,D07,ORNL,ORNL_027,ORNL_027.basePlot.all,distributed,evergreenForest,WGS84,35.916313,-84.263286,20.1,246.2,0.1,2016-08-04,SE40,0.1,311,898913,Field Book for Describing and Sampling Soils ver3,soil pit,center of pit,100,Fs2eXi/J2H5AewCTB0GQXA==,Fs2eXi/J2H5AewCTB0GQXA==,Natural Resource Conservation Service,S2016TN001027,Waynesboro,"Fine, kaolinitic, thermic Typic Paleudults",typic paleudults,paleudults,udults,ultisols,9.4;311;40x40SE marker,,20201217T145541Z,RELEASE-2021
9dab54cf-b271-4c1d-adb4-f6bf639e43f4,D07,ORNL,ORNL_040,ORNL_040.basePlot.all,distributed,evergreenForest,WGS84,35.975905,-84.303477,20.8,283.2,0.9,2016-08-16,SW40,0.1,50,882499,Field Book for Describing and Sampling Soils ver3,soil pit,center of pit,100,ettCtgcPs30Rr7A+H7Nvbg==,ettCtgcPs30Rr7A+H7Nvbg==,Natural Resource Conservation Service,S2016TN001040,Salacoa,"Fine-loamy, mixed, active, thermic Typic Hapludalfs",typic hapludalfs,hapludalfs,udalfs,alfisols,"",,20201217T145541Z,RELEASE-2021
2e88b402-5e1c-46eb-bbb3-20a5746b3069,D07,ORNL,ORNL_012,ORNL_012.basePlot.all,distributed,deciduousForest,WGS84,35.953019,-84.248359,20.2,267.1,0.3,2016-08-24,SW40,0.1,20,898915,Field Book for Describing and Sampling Soils ver3,soil pit,center of pit,47,v+EsfoE1jz7iS9pY+fRUwQ==,ettCtgcPs30Rr7A+H7Nvbg==,Natural Resource Conservation Service,S2016TN001012,Sunlight,"Loamy-skeletal, mixed, semiactive, thermic Inceptic Hapludults",inceptic hapludults,hapludults,udults,ultisols,11.5;200;40x40SW marker,,20201217T145541Z,RELEASE-2021
dd651f1a-60ba-4290-88e0-2a25f3864450,D07,ORNL,ORNL_029,ORNL_029.basePlot.all,distributed,evergreenForest,WGS84,35.95765,-84.261843,20.1,274.6,0.2,2016-08-26,NE20,0,118,882494,Field Book for Describing and Sampling Soils ver3,soil pit,center of pit,60,ettCtgcPs30Rr7A+H7Nvbg==,ettCtgcPs30Rr7A+H7Nvbg==,Natural Resource Conservation Service,S2016TN001029,Barfield,"Clayey, vermiculitic, thermic Lithic Hapludolls",lithic hapludolls,hapludolls,udolls,mollisols,"",,20201217T145541Z,RELEASE-2021
f5dbfcf3-9742-43fe-9d12-138a335ec308,D07,ORNL,ORNL_035,ORNL_035.basePlot.all,distributed,evergreenForest,WGS84,35.974771,-84.350404,20.1,264,0.2,2016-09-07,SW40,0.2,85,898912,Field Book for Describing and Sampling Soils ver3,soil pit,center of pit,45,v+EsfoE1jz7iS9pY+fRUwQ==,ettCtgcPs30Rr7A+H7Nvbg==,Natural Resource Conservation Service,S2016TN145035,Bodine,"Loamy-skeletal, siliceous, semiactive, thermic Typic Paleudults",typic paleudults,paleudults,udults,ultisols,24;85;40x40SW marker,,20201217T153826Z,RELEASE-2021
bd4ebc04-4a53-4dd7-825f-dd637a1bd1a8,D07,ORNL,ORNL_033,ORNL_033.basePlot.all,distributed,evergreenForest,WGS84,35.961718,-84.226799,20.1,244.8,0.1,2016-09-07,SW40,0.3,18,898916,Field Book for Describing and Sampling Soils ver3,soil pit,center of pit,45,ettCtgcPs30Rr7A+H7Nvbg==,ettCtgcPs30Rr7A+H7Nvbg==,Natural Resource Conservation Service,S2016TN001033,Montevallo,"Loamy-skeletal, mixed, subactive, thermic Typic Dystrudepts",typic dystrudepts,dystrudepts,udepts,inceptisols,"",,20201217T153826Z,RELEASE-2021
1c4e5e5a-20e1-4f69-b0a3-8c6693d9a3eb,D07,ORNL,ORNL_068,ORNL_068.basePlot.all,distributed,deciduousForest,WGS84,35.926136,-84.426839,20.2,264.1,0.2,2016-09-08,SW40,0.3,15,898911,Field Book for Describing and Sampling Soils ver3,soil pit,center of pit,100,v+EsfoE1jz7iS9pY+fRUwQ==,ettCtgcPs30Rr7A+H7Nvbg==,Natural Resource Conservation Service,S2016TN145068,Fullerton,"Fine, kaolinitic, thermic Typic Paleudults",typic paleudults,paleudults,udults,ultisols,27;15;40x40SW marker,,20201217T153826Z,RELEASE-2021
c169ac69-f604-40e7-9f4e-3a9cdeedd039,D07,ORNL,ORNL_021,ORNL_021.basePlot.all,distributed,pastureHay,WGS84,35.95564,-84.221346,20.1,277.4,0.1,2016-09-16,SW40,0.1,50,882496,Field Book for Describing and Sampling Soils ver3,soil pit,center of pit,100,ettCtgcPs30Rr7A+H7Nvbg==,ettCtgcPs30Rr7A+H7Nvbg==,Natural Resource Conservation Service,S2016TN001021,Minvale,"Fine-loamy, siliceous, subactive, thermic Typic Paleudults",typic paleudults,paleudults,udults,ultisols,"",,20201217T153826Z,RELEASE-2021
d8185fa4-325e-47dc-ba7f-669fdd54d9e9,D07,ORNL,ORNL_031,ORNL_031.basePlot.all,distributed,pastureHay,WGS84,35.948606,-84.221912,20.1,266.8,0.1,2016-09-18,SW20,0.1,300,882497,Field Book for Describing and Sampling Soils ver3,soil pit,center of pit,100,ettCtgcPs30Rr7A+H7Nvbg==,ettCtgcPs30Rr7A+H7Nvbg==,Natural Resource Conservation Service,S2016TN001031,Etowah,"Fine-loamy, siliceous, semiactive, thermic Typic Paleudults",typic paleudults,paleudults,udults,ultisols,"",,20201217T153826Z,RELEASE-2021
1177acb7-01fe-4002-b76b-9322e4f73a9c,D07,ORNL,ORNL_009,ORNL_009.basePlot.all,distributed,deciduousForest,WGS84,35.974464,-84.227994,20.2,317.5,0.2,2016-09-21,SE40,0.1,295,882495,Field Book for Describing and Sampling Soils ver3,soil pit,center of pit,63,ettCtgcPs30Rr7A+H7Nvbg==,ettCtgcPs30Rr7A+H7Nvbg==,Natural Resource Conservation Service,S2016TN001009,Montevallo,"Loamy-skeletal, mixed, subactive, thermic, shallow Typic Dystrudepts",typic dystrudepts,dystrudepts,udepts,inceptisols,"",,20201217T153826Z,RELEASE-2021
a8ae3638-24a4-4332-a0aa-e5bea7ba0f03,D08,DELA,DELA_011,DELA_011.basePlot.all,distributed,woodyWetlands,WGS84,32.520324,-87.817128,20.1,24.2,0.2,2015-09-28,SW20,0.2,45,1139182,Field Book for Describing and Sampling Soils ver3,soil pit,Center of pit,100,fOtnUZLa3DxnCsn46Zljdw==,qj4hyw7i1hGFc3eKeXEb9g==,Natural Resource Conservation Service,S2015AL063017,Ochlockonee-fine-silty,"Fine-silty, thermic Typic Udifluvents",typic udifluvents,udifluvents,fluvents,entisols,"",,20201217T045815Z,RELEASE-2021
50cdc02b-bd10-4cbf-8b78-569fbf035a30,D08,DELA,DELA_015,DELA_015.basePlot.all,distributed,woodyWetlands,WGS84,32.52874,-87.813389,20.1,23.4,0.2,2015-09-28,SW20,0.2,45,1139183,Field Book for Describing and Sampling Soils ver3,soil pit,Center of pit,100,fOtnUZLa3DxnCsn46Zljdw==,qj4hyw7i1hGFc3eKeXEb9g==,Natural Resource Conservation Service,S2015AL063018,Angie,"Fine, mixed, semiactive, thermic Aquic Paleudults",aquic paleudults,paleudults,udults,ultisols,"",,20201217T045815Z,RELEASE-2021
b1e8d0ce-9164-4104-a728-c4df9537e8af,D08,DELA,DELA_021,DELA_021.basePlot.all,distributed,woodyWetlands,WGS84,32.526812,-87.819123,20.1,22.2,0.1,2015-09-28,SW20,0.2,45,1139184,Field Book for Describing and Sampling Soils ver3,soil pit,Center of pit,100,fOtnUZLa3DxnCsn46Zljdw==,qj4hyw7i1hGFc3eKeXEb9g==,Natural Resource Conservation Service,S2015AL063019,Cahaba,"Fine-loamy, siliceous, semiactive, thermic Typic Hapludults",typic hapludults,hapludults,udults,ultisols,"",,20201217T045815Z,RELEASE-2021
43ffcc47-3c38-4006-9ba3-3e86c163bc89,D08,DELA,DELA_016,DELA_016.basePlot.all,distributed,evergreenForest,WGS84,32.535814,-87.808008,20.3,22.4,0.6,2015-09-28,SW20,0.2,45,1139168,Field Book for Describing and Sampling Soils ver3,soil pit,Center of pit,100,fOtnUZLa3DxnCsn46Zljdw==,fOtnUZLa3DxnCsn46Zljdw==,Natural Resource Conservation Service,S2015AL063005,Angie,"Fine, mixed, semiactive, thermic Aquic Paleudults",aquic paleudults,paleudults,udults,ultisols,"Deadlake NEON Site DELA016 Greene County, AL",,20201217T045815Z,RELEASE-2021
6c01dac8-a8af-43ce-b662-62d59064a1f1,D08,DELA,DELA_003,DELA_003.basePlot.all,distributed,woodyWetlands,WGS84,32.534942,-87.815024,20.1,25.1,0.2,2015-09-28,SW20,0.2,45,1139166,Field Book for Describing and Sampling Soils ver3,soil pit,Center of pit,90,fOtnUZLa3DxnCsn46Zljdw==,J/57wD1kwBPCtVh8robIhQ==,Natural Resource Conservation Service,S2015AL063001,Angie,"Fine, mixed, semiactive, thermic Aquic Paleudults",typic hapludults,hapludults,udults,ultisols,Black Warrior River Alluvium Valley,,20201217T045815Z,RELEASE-2021
41c9485d-919d-4ecd-9639-946709998a8f,D08,DELA,DELA_024,DELA_024.basePlot.all,distributed,woodyWetlands,WGS84,32.525211,-87.817496,20.1,21.7,0.1,2015-09-28,SW20,0.2,45,1139185,Field Book for Describing and Sampling Soils ver3,soil pit,Center of pit,100,fOtnUZLa3DxnCsn46Zljdw==,qj4hyw7i1hGFc3eKeXEb9g==,Natural Resource Conservation Service,S2015AL063020,Angie,"Fine, mixed, semiactive, thermic Aquic Paleudults",aquic paleudults,paleudults,udults,ultisols,"",,20201217T045815Z,RELEASE-2021
61ba1c50-cfdb-4a9b-aa98-c44ccbecaf01,D08,DELA,DELA_005,DELA_005.basePlot.all,distributed,woodyWetlands,WGS84,32.523355,-87.814626,20.2,27.2,0.2,2015-09-28,SW20,0.2,45,1139181,Field Book for Describing and Sampling Soils ver3,soil pit,Center of pit,100,fOtnUZLa3DxnCsn46Zljdw==,qj4hyw7i1hGFc3eKeXEb9g==,Natural Resource Conservation Service,S2015AL063016,Chenneby,"Fine-silty, mixed, active, thermic Fluvaquentic Dystrudepts",fluvaquentic dystrudepts,dystrudepts,udepts,inceptisols,"",,20201217T045815Z,RELEASE-2021
92eddf41-8339-4290-8379-672417ba1bc7,D08,DELA,DELA_028,DELA_028.basePlot.all,distributed,evergreenForest,WGS84,32.535497,-87.811463,20.3,30,0.2,2015-09-29,SW20,0.2,45,1139169,Field Book for Describing and Sampling Soils ver3,soil pit,Center of pit,100,fOtnUZLa3DxnCsn46Zljdw==,khnyfeTHrVrgpJfeFWm+cA==,Natural Resource Conservation Service,S2015AL063007,Angie,"Fine, mixed, semiactive, thermic Aquic Paleudults",aquic paleudults,paleudults,udults,ultisols,"NEON Deadlake DELA028 Greene County, AL",,20201217T045815Z,RELEASE-2021
db072c48-b9a4-4e8d-9a62-a1215938a374,D08,DELA,DELA_025,DELA_025.basePlot.all,distributed,evergreenForest,WGS84,32.535528,-87.809901,20.2,31.4,0.5,2015-09-29,SW20,0.2,45,1139173,Field Book for Describing and Sampling Soils ver3,soil pit,Center of pit,100,fOtnUZLa3DxnCsn46Zljdw==,fOtnUZLa3DxnCsn46Zljdw==,Natural Resource Conservation Service,S2015AL063006,Angie-like,"Fine, mixed, semiactive, thermic Aquic Paleudults",aquic paleudults,paleudults,udults,ultisols,"",,20201217T045815Z,RELEASE-2021
69dfd48c-f95a-4589-b7b6-fd9d6d5220c1,D08,DELA,DELA_023,DELA_023.basePlot.all,distributed,woodyWetlands,WGS84,32.541444,-87.812539,20.1,23.9,0.1,2015-09-30,SW20,0.2,45,1139178,Field Book for Describing and Sampling Soils ver3,soil pit,Center of pit,90,fOtnUZLa3DxnCsn46Zljdw==,J/57wD1kwBPCtVh8robIhQ==,Natural Resource Conservation Service,S2015AL063004,Angie,"Fine, mixed, semiactive, thermic Aquic Paleudults",aquic paleudults,paleudults,udults,ultisols,"",,20201217T045815Z,RELEASE-2021
dfceb55d-b7b0-49a7-895e-2c5aa42bc3b1,D08,DELA,DELA_008,DELA_008.basePlot.all,distributed,woodyWetlands,WGS84,32.540078,-87.814098,20.1,21.8,0.1,2015-09-30,SW20,0.2,45,1139167,Field Book for Describing and Sampling Soils ver3,soil pit,Center of pit,97,fOtnUZLa3DxnCsn46Zljdw==,J/57wD1kwBPCtVh8robIhQ==,Natural Resource Conservation Service,S2015AL063003,Bethera,"Fine, mixed, semiactive, thermic Typic Paleaquults",typic paleaquults,paleaquults,aquults,ultisols,Black Warrior River Alluvium Valley,,20201217T045815Z,RELEASE-2021
508f0fde-fa4e-4221-a489-e41f70d7c253,D08,DELA,DELA_002,DELA_002.basePlot.all,distributed,woodyWetlands,WGS84,32.532479,-87.818534,20.2,24,0.4,2015-09-30,SW20,0.2,45,1139179,Field Book for Describing and Sampling Soils ver3,soil pit,Center of pit,90,fOtnUZLa3DxnCsn46Zljdw==,J/57wD1kwBPCtVh8robIhQ==,Natural Resource Conservation Service,S2015AL063021,Annemaine,"Fine, mixed, semiactive, thermic Aquic Hapludults",aquic hapludults,hapludults,udults,ultisols,"",,20201217T045815Z,RELEASE-2021
c49a4292-e92d-4096-948c-1b00e7452444,D08,DELA,DELA_009,DELA_009.basePlot.all,distributed,woodyWetlands,WGS84,32.534101,-87.816942,20.2,25.7,0.2,2015-09-30,SW20,0.2,45,1139180,Field Book for Describing and Sampling Soils ver3,soil pit,Center of pit,100,fOtnUZLa3DxnCsn46Zljdw==,J/57wD1kwBPCtVh8robIhQ==,Natural Resource Conservation Service,S2015AL063002,Annemaine,"Fine, mixed, semiactive, thermic Aquic Hapludults",aquic hapludults,hapludults,udults,ultisols,"",,20201217T045815Z,RELEASE-2021
848f8732-9841-402f-be20-c2352cfa1470,D08,DELA,DELA_029,DELA_029.basePlot.all,distributed,evergreenForest,WGS84,32.529808,-87.810523,20.2,26.4,0.3,2015-09-30,SW20,0.2,45,1139176,Field Book for Describing and Sampling Soils ver3,soil pit,Center of pit,100,fOtnUZLa3DxnCsn46Zljdw==,FUFc1SqXASsxEo/nLcO7ig==,Natural Resource Conservation Service,S2015AL063010,Cahaba,"Fine-loamy, siliceous, semiactive, thermic Typic Hapludults",typic hapludults,hapludults,udults,ultisols,(Dela 29) Dead Lake Army Corps of Engineers in Greene County Alabama. NEON site.,,20201217T045815Z,RELEASE-2021
dc4ebac5-dc8c-4831-a675-6648509c0cfb,D08,DELA,DELA_038,DELA_038.basePlot.all,tower,woodyWetlands,WGS84,32.54229,-87.806804,20.1,25.5,0.1,2015-10-01,SW20,0.2,45,1139170,Field Book for Describing and Sampling Soils ver3,soil core,Center of pit,100,fOtnUZLa3DxnCsn46Zljdw==,8aDnSHd7TQ0=,Natural Resource Conservation Service,S2015AL063012,Leaf,"Fine, mixed, active, thermic Typic Albaquults",typic albaquults,albaquults,aquults,ultisols,"",,20201217T045519Z,RELEASE-2021
15f09a72-7a67-4e8e-88cd-9688acd69d12,D08,DELA,DELA_040,DELA_040.basePlot.all,tower,woodyWetlands,WGS84,32.538802,-87.804522,20.1,29.4,0.2,2015-10-01,SW20,0.2,45,1139201,Field Book for Describing and Sampling Soils ver3,soil pit,Center of meter square,101,pFq4Z22TAryVYcI9+6FXO7qQU3gHNsw3C6nQ9qZo5kJEu9Hx+uJyFw==,8YzCYQM53T026k7mmt7tHw==,Natural Resource Conservation Service,S2015AL063013,Tawcaw,"Fine, kaolinitic, thermic Fluvaquentic Dystrudepts",fluvaquentic dystrudepts,dystrudepts,udepts,inceptisols,"",,20201217T045519Z,RELEASE-2021
e9bdc130-c8aa-4ddf-ae7d-c712a13ae35a,D08,DELA,DELA_014,DELA_014.basePlot.all,distributed,evergreenForest,WGS84,32.529789,-87.818194,20.2,26.1,0.3,2015-10-01,SW20,0.2,45,1139165,Field Book for Describing and Sampling Soils ver3,soil pit,Center of pit,90,fOtnUZLa3DxnCsn46Zljdw==,J/57wD1kwBPCtVh8robIhQ==,Natural Resource Conservation Service,S2015AL063015,Lenoir,"Fine, mixed, semiactive, thermic Aeric Paleaquults",aeric paleaquults,paleaquults,aquults,ultisols,Black Warrior River Alluvium Valley,,20201217T045519Z,RELEASE-2021
c2896ea4-f635-4002-98f0-d917a99b889c,D08,DELA,DELA_041,DELA_041.basePlot.all,tower,deciduousForest,WGS84,32.540702,-87.80774,20.1,23.6,0.2,2015-10-01,SW20,0.2,45,1139200,Field Book for Describing and Sampling Soils ver3,soil pit,Center of pit,100,fOtnUZLa3DxnCsn46Zljdw==,8YzCYQM53T026k7mmt7tHw==,Natural Resource Conservation Service,S2015AL063014,Leaf,"Fine, mixed, active, thermic Typic Albaquults",typic albaquults,albaquults,aquults,ultisols,"",,20201217T045519Z,RELEASE-2021
d1dbf711-11fd-479d-9547-5dc4fc67328c,D08,DELA,DELA_010,DELA_010.basePlot.all,distributed,woodyWetlands,WGS84,32.540456,-87.800089,20.1,23.7,0.2,2015-10-01,SW20,0.2,45,1139172,Field Book for Describing and Sampling Soils ver3,soil pit,Center of pit,100,fOtnUZLa3DxnCsn46Zljdw==,khnyfeTHrVrgpJfeFWm+cA==,Natural Resource Conservation Service,S2015AL063008,Cahaba-like,"Fine-loamy, siliceous, semiactive, thermic Typic Hapludults",typic hapludults,hapludults,udults,ultisols,"",,20201217T045519Z,RELEASE-2021
ab9257bd-d100-4f5e-a4fc-0be361438a15,D08,DELA,DELA_037,DELA_037.basePlot.all,tower,woodyWetlands,WGS84,32.539627,-87.801968,20.1,27.1,0.1,2015-10-01,SW20,0.2,45,1139171,Field Book for Describing and Sampling Soils ver3,soil core,Center of pit,100,fOtnUZLa3DxnCsn46Zljdw==,khnyfeTHrVrgpJfeFWm+cA==,Natural Resource Conservation Service,S2015AL063011,Wehadkee,"Fine-loamy, mixed, active, nonacid, thermic Fluvaquentic Endoaquepts",fluvaquentic endoaquepts,endoaquepts,aquepts,inceptisols,"NEON Deadlake DELA037 Greene County, AL",,20201217T045519Z,RELEASE-2021
2f05965a-3252-4b06-9139-7a0217fb013a,D08,DELA,DELA_020,DELA_020.basePlot.all,distributed,woodyWetlands,WGS84,32.538834,-87.801338,20.1,26.2,0.1,2015-10-01,SW20,0.2,45,1139177,Field Book for Describing and Sampling Soils ver3,soil pit,Center of pit,100,fOtnUZLa3DxnCsn46Zljdw==,FUFc1SqXASsxEo/nLcO7ig==,Natural Resource Conservation Service,S2015AL063009,Cahaba,"Fine-loamy, siliceous, semiactive, thermic Typic Hapludults",typic hapludults,hapludults,udults,ultisols,(Dela 20) Dead Lake Army Corps of Engineers in Greene County Alabama. NEON site.,,20201217T045519Z,RELEASE-2021
cb89a236-4d27-4682-a0b7-71f4b9e34c60,D08,LENO,LENO_012,LENO_012.basePlot.all,distributed,woodyWetlands,WGS84,31.80812,-88.179966,20.1,11,0.1,2018-07-19,SW20,0.2,225,1296893,Field Book for Describing and Sampling Soils ver3,soil pit,Center or pit,100,CGeKVIiqWzu45wamDzEKXA==,Th4/1R6ksr7CW42i0cY+bQ8CzC54qBCJ,Natural Resource Conservation Service,S2018AL023012,Urbo,"Fine, mixed, active, acid, thermic Vertic Epiaquepts",vertic epiaquepts,epiaquepts,aquepts,inceptisols,,,20201218T130355Z,RELEASE-2021
4b6e6ff1-0311-421b-9bad-f6528aa8de3d,D08,LENO,LENO_020,LENO_020.basePlot.all,distributed,woodyWetlands,WGS84,31.824786,-88.192507,20.2,14,0.3,2018-07-19,SW20,0.2,225,1296902,Field Book for Describing and Sampling Soils ver3,soil pit,Center or pit,100,IjCDuXQPots=,khnyfeTHrVpQyJFOJnKXAQ==,Natural Resource Conservation Service,S2018AL023020,Lenoir,"Fine, mixed, semiactive, thermic Aeric Paleaquults",aeric paleaquults,paleaquults,aquults,ultisols,,,20201218T130355Z,RELEASE-2021
c00b83c4-f1d4-492a-a442-fe0b26ea77ce,D08,LENO,LENO_021,LENO_021.basePlot.all,distributed,deciduousForest,WGS84,31.83445,-88.170173,20.1,13.5,0.2,2018-07-20,SW20,0.2,225,1296899,Field Book for Describing and Sampling Soils ver3,soil pit,Center or pit,100,IjCDuXQPots=,Th4/1R6ksr7CW42i0cY+bQ8CzC54qBCJ,Natural Resource Conservation Service,S2018AL023021,Mooreville,"Fine-loamy, siliceous, active, thermic Fluvaquentic Dystrudepts",fluvaquentic dystrudepts,dystrudepts,udepts,inceptisols,,,20201218T130355Z,RELEASE-2021
9fcf2532-9463-4ae4-9f11-8da99f44a8ba,D08,LENO,LENO_011,LENO_011.basePlot.all,distributed,woodyWetlands,WGS84,31.825952,-88.183042,20.1,18.4,0.2,2018-07-20,SW20,0.2,135,1296900,Field Book for Describing and Sampling Soils ver3,soil pit,Center or pit,100,IjCDuXQPots=,khnyfeTHrVpQyJFOJnKXAQ==,Natural Resource Conservation Service,S2018AL023011,Mooreville,"Fine-loamy, siliceous, active, thermic Fluvaquentic Dystrudepts",fluvaquentic dystrudepts,dystrudepts,udepts,inceptisols,,,20201218T130355Z,RELEASE-2021
9864e12b-81e4-48c3-8363-423091066f5c,D08,LENO,LENO_029,LENO_029.basePlot.all,distributed,deciduousForest,WGS84,31.830931,-88.171035,20.1,12.7,0.1,2018-07-21,SW20,0.2,225,1296904,Field Book for Describing and Sampling Soils ver3,soil pit,Center or pit,100,IjCDuXQPots=,82Rtp+bLfz8=,Natural Resource Conservation Service,S2018AL023029,Riverview,"Fine-loamy, mixed, active, thermic Fluventic Dystrudepts",fluventic dystrudepts,dystrudepts,udepts,inceptisols,,,20201218T130355Z,RELEASE-2021
2b136ba5-2775-477b-a72a-0e1646e8fb12,D08,LENO,LENO_017,LENO_017.basePlot.all,distributed,woodyWetlands,WGS84,31.841773,-88.168348,20.4,17.2,0.5,2018-07-22,SW20,0.2,225,1296896,Field Book for Describing and Sampling Soils ver3,soil pit,Center or pit,100,IjCDuXQPots=,khnyfeTHrVpQyJFOJnKXAQ==,Natural Resource Conservation Service,S2018AL023017,Mooreville,"Fine-loamy, siliceous, active, thermic Fluvaquentic Dystrudepts",fluvaquentic dystrudepts,dystrudepts,udepts,inceptisols,,,20201218T130355Z,RELEASE-2021
1c1c901e-ddba-4ce9-aaf8-170c1d91af82,D08,LENO,LENO_016,LENO_016.basePlot.all,distributed,woodyWetlands,WGS84,31.817833,-88.184532,20.1,10.4,0.2,2018-07-23,SW20,0.2,225,1296894,Field Book for Describing and Sampling Soils ver3,soil pit,Center or pit,100,CGeKVIiqWzu45wamDzEKXA==,Th4/1R6ksr7CW42i0cY+bQ8CzC54qBCJ,Natural Resource Conservation Service,S2018AL023016,Urbo,"Fine, mixed, active, acid, thermic Vertic Epiaquepts",vertic epiaquepts,epiaquepts,aquepts,inceptisols,,,20201218T130355Z,RELEASE-2021
150365c0-c9a2-44a0-a114-fe8c9b6d3e61,D08,LENO,LENO_006,LENO_006.basePlot.all,distributed,woodyWetlands,WGS84,31.814261,-88.187361,20.1,11,0.1,2018-07-23,SW20,0.2,225,1296892,Field Book for Describing and Sampling Soils ver3,soil pit,Center or pit,100,CGeKVIiqWzu45wamDzEKXA==,Th4/1R6ksr7CW42i0cY+bQ8CzC54qBCJ,Natural Resource Conservation Service,S2018AL023006,Urbo,"Fine, mixed, active, acid, thermic Vertic Epiaquepts",vertic epiaquepts,epiaquepts,aquepts,inceptisols,,,20201218T130355Z,RELEASE-2021
531b034b-ec72-4b44-8746-a53b92c85e0c,D08,LENO,LENO_002,LENO_002.basePlot.all,distributed,woodyWetlands,WGS84,31.806908,-88.193888,20.1,12.2,0.1,2018-07-23,SW20,0.2,225,1182549,Field Book for Describing and Sampling Soils ver3,soil pit,Center or pit,100,F9eZEgwRDaElc+CMsR6fArBeu9Z9muA47hTVoYm41K7UsJ3kMZ6MDSLuqCyjm16N,svqWcR0MQRaWOJ8ZBBCrWQAQazB0FH5ckaegU0sm3vY+2nGToXOHFf73unqiHi5y,Natural Resource Conservation Service,S2018AL023002,Urbo,"Fine, mixed, active, acid, thermic Vertic Epiaquepts",vertic epiaquepts,epiaquepts,aquepts,inceptisols,,,20201218T130355Z,RELEASE-2021
064d3c03-2cf6-4d6b-bb9f-fd099454624f,D08,LENO,LENO_003,LENO_003.basePlot.all,distributed,deciduousForest,WGS84,31.808316,-88.188214,20.1,9.8,0.1,2018-07-23,SW20,0.2,225,1182550,Field Book for Describing and Sampling Soils ver3,soil pit,Center or pit,100,F9eZEgwRDaElc+CMsR6fArBeu9Z9muA47hTVoYm41K7UsJ3kMZ6MDSLuqCyjm16N,svqWcR0MQRaWOJ8ZBBCrWQAQazB0FH5ckaegU0sm3vY+2nGToXOHFf73unqiHi5y,Natural Resource Conservation Service,S2018AL023003,Mooreville,"Fine-loamy, siliceous, active, thermic Fluvaquentic Dystrudepts",fluvaquentic dystrudepts,dystrudepts,udepts,inceptisols,,,20201218T130355Z,RELEASE-2021
3df72065-53d8-4033-9ca4-f25ea27f700e,D08,LENO,LENO_014,LENO_014.basePlot.all,distributed,woodyWetlands,WGS84,31.810657,-88.19903,20.2,5.5,0.2,2018-07-24,SW20,0.2,225,1182552,Field Book for Describing and Sampling Soils ver3,soil pit,Center or pit,100,IjCDuXQPots=,svqWcR0MQRaWOJ8ZBBCrWQAQazB0FH5ckaegU0sm3vY+2nGToXOHFf73unqiHi5y,Natural Resource Conservation Service,S2018AL023014,Urbo,"Fine, mixed, active, acid, thermic Vertic Epiaquepts",vertic epiaquepts,epiaquepts,aquepts,inceptisols,,,20201218T130355Z,RELEASE-2021
a3de99e6-362e-419d-b5e0-ec2fadd85de0,D08,LENO,LENO_009,LENO_009.basePlot.all,distributed,woodyWetlands,WGS84,31.811631,-88.181314,20.3,15.2,0.4,2018-07-24,SW20,0.2,225,1296898,Field Book for Describing and Sampling Soils ver3,soil pit,Center or pit,100,CGeKVIiqWzu45wamDzEKXA==,Th4/1R6ksr7CW42i0cY+bQ8CzC54qBCJ,Natural Resource Conservation Service,S2018AL023009,Mooreville,"Fine-loamy, siliceous, active, thermic Fluvaquentic Dystrudepts",fluvaquentic dystrudepts,dystrudepts,udepts,inceptisols,,,20201218T130355Z,RELEASE-2021
5281c374-b3a2-4012-a4d4-ae83c0b3ebb3,D08,LENO,LENO_007,LENO_007.basePlot.all,distributed,deciduousForest,WGS84,31.812516,-88.202238,20.2,14.8,0.3,2018-07-24,SW20,0.2,225,1182551,Field Book for Describing and Sampling Soils ver3,soil pit,Center or pit,100,F9eZEgwRDaElc+CMsR6fArBeu9Z9muA47hTVoYm41K7UsJ3kMZ6MDSLuqCyjm16N,F9eZEgwRDaElc+CMsR6fArBeu9Z9muA47hTVoYm41K7UsJ3kMZ6MDSLuqCyjm16N,Natural Resource Conservation Service,S2018AL023007,Una,"Fine, mixed, active, acid, thermic Typic Epiaquepts",typic epiaquepts,epiaquepts,aquepts,inceptisols,,,20201218T130355Z,RELEASE-2021
27597ad0-4ef8-4cae-9897-659a1b55f03f,D08,LENO,LENO_023,LENO_023.basePlot.all,distributed,deciduousForest,WGS84,31.808936,-88.179975,20.2,15.1,0.2,2018-07-25,SW20,0.2,195,1296901,Field Book for Describing and Sampling Soils ver3,soil pit,Center or pit,100,svqWcR0MQRaWOJ8ZBBCrWQAQazB0FH5ckaegU0sm3vY+2nGToXOHFf73unqiHi5y,Th4/1R6ksr7CW42i0cY+bQ8CzC54qBCJ,Natural Resource Conservation Service,S2018AL023023,Riverview,"Fine-loamy, active, thermic Fluventic Dystrudepts",fluventic dystrudepts,dystrudepts,udepts,inceptisols,,,20201218T130355Z,RELEASE-2021
d8117406-8f99-4de7-8f1c-b490ef360ebe,D08,LENO,LENO_015,LENO_015.basePlot.all,distributed,woodyWetlands,WGS84,31.815894,-88.191496,20.3,14.1,0.6,2018-07-25,SW20,0.2,225,1296897,Field Book for Describing and Sampling Soils ver3,soil pit,Center or pit,100,CGeKVIiqWzu45wamDzEKXA==,Th4/1R6ksr7CW42i0cY+bQ8CzC54qBCJ,Natural Resource Conservation Service,S2018AL023015,Mooreville,"Fine-loamy, siliceous, active, thermic Fluvaquentic Dystrudepts",fluvaquentic dystrudepts,dystrudepts,udepts,inceptisols,,,20201218T130355Z,RELEASE-2021
29cbfe28-98b5-4a26-bcff-5596c67481d6,D08,LENO,LENO_022,LENO_022.basePlot.all,distributed,deciduousForest,WGS84,31.815463,-88.204148,20.3,17.1,0.7,2018-07-25,SW20,0.2,225,1182553,Field Book for Describing and Sampling Soils ver3,soil pit,Center or pit,100,svqWcR0MQRaWOJ8ZBBCrWQAQazB0FH5ckaegU0sm3vY+2nGToXOHFf73unqiHi5y,F9eZEgwRDaElc+CMsR6fArBeu9Z9muA47hTVoYm41K7UsJ3kMZ6MDSLuqCyjm16N,Natural Resource Conservation Service,S2018AL023022,Mantachie,"Fine-loamy, siliceous, active, acid, thermic Fluventic Endoaquepts",fluventic endoaquepts,endoaquepts,aquepts,inceptisols,,,20201218T130355Z,RELEASE-2021
d57c1b5a-1bfa-4fcb-94dc-02a0ff046785,D08,LENO,LENO_019,LENO_019.basePlot.all,distributed,woodyWetlands,WGS84,31.818793,-88.194691,20.3,11.6,0.5,2018-07-25,SW20,0.2,225,1296895,Field Book for Describing and Sampling Soils ver3,soil pit,Center or pit,100,CGeKVIiqWzu45wamDzEKXA==,Th4/1R6ksr7CW42i0cY+bQ8CzC54qBCJ,Natural Resource Conservation Service,S2018AL023019,Urbo,"Fine, mixed, active, acid, thermic Vertic Epiaquepts",vertic epiaquepts,epiaquepts,aquepts,inceptisols,,,20201218T130355Z,RELEASE-2021
f6c70844-7465-4fe6-811b-d3dc01ce0665,D08,LENO,LENO_027,LENO_027.basePlot.all,distributed,deciduousForest,WGS84,31.817949,-88.202252,20.2,19.1,0.6,2018-07-25,SW20,0.2,225,1182554,Field Book for Describing and Sampling Soils ver3,soil pit,Center or pit,100,svqWcR0MQRaWOJ8ZBBCrWQAQazB0FH5ckaegU0sm3vY+2nGToXOHFf73unqiHi5y,svqWcR0MQRaWOJ8ZBBCrWQAQazB0FH5ckaegU0sm3vY+2nGToXOHFf73unqiHi5y,Natural Resource Conservation Service,S2018AL023027,Urbo,"Fine, mixed, active, acid, thermic Vertic Epiaquepts",vertic epiaquepts,epiaquepts,aquepts,inceptisols,,,20201218T130355Z,RELEASE-2021
