uid,analysisDate,namedLocation,domainID,siteID,plotID,plotType,setDate,collectDate,massSampleMixtureID,ligninSampleID,ligninSampleBarcode,analyticalRepNumber,dryMass,ligninPercent,cellulosePercent,measurementQF,accuracyQF,remarks,laboratoryName,testMethod,analyzedBy,reviewedBy,dataQF,publicationDate,release
f05e77c8-b2d1-4ac0-92b1-2794147e5952,2017-08-30,BART_073.basePlot.ltr,D01,BART,BART_073,tower,2016-09-19T16:00Z,2016-10-10T16:00Z,NEON.LTR.BART073.20161010.NDL,NEON.LTR.BART073.20161010.NDL.LIG,,1,0.449,14.21,20.25,OK,OK,,University of Florida Wetland Biogeochemistry Laboratory,WBL-M-028,bKF36824dpcABkIQiw5BLQ==,5NMApxg5Cd0pWFY84VRdIg==,,20211221T214309Z,RELEASE-2022
53906f63-9077-467c-90c5-f697a3f162cd,2017-08-30,BART_032.basePlot.ltr,D01,BART,BART_032,tower,2016-09-19T16:00Z,2016-10-10T16:00Z,NEON.LTR.BART032.20161010.LVS,NEON.LTR.BART032.20161010.LVS.LIG,,1,0.479,16.84,18.75,OK,OK,,University of Florida Wetland Biogeochemistry Laboratory,WBL-M-028,bKF36824dpcABkIQiw5BLQ==,5NMApxg5Cd0pWFY84VRdIg==,,20211221T214309Z,RELEASE-2022
a90a58e8-a1d7-48bd-a2e3-50fda00b650c,2017-08-30,BART_033.basePlot.ltr,D01,BART,BART_033,tower,2016-09-19T16:00Z,2016-10-11T16:00Z,NEON.LTR.BART033.20161011.LVS,NEON.LTR.BART033.20161011.LVS.LIG,,1,0.468,16.86,20.29,OK,OK,,University of Florida Wetland Biogeochemistry Laboratory,WBL-M-028,bKF36824dpcABkIQiw5BLQ==,5NMApxg5Cd0pWFY84VRdIg==,,20211221T214309Z,RELEASE-2022
40afc348-fd44-44f2-b631-c4378c0def89,2017-08-30,BART_033.basePlot.ltr,D01,BART,BART_033,tower,2016-09-19T16:00Z,2016-10-11T16:00Z,NEON.LTR.BART033.20161011.LVS,NEON.LTR.BART033.20161011.LVS.LIG,,2,0.473,16.91,20.79,OK,OK,,University of Florida Wetland Biogeochemistry Laboratory,WBL-M-028,bKF36824dpcABkIQiw5BLQ==,5NMApxg5Cd0pWFY84VRdIg==,,20211221T214309Z,RELEASE-2022
83451759-1576-4f58-b4a4-9297c6eff0a8,2017-08-30,BART_072.basePlot.ltr,D01,BART,BART_072,tower,2016-09-20T16:00Z,2016-10-11T16:00Z,NEON.LTR.BART072.20161011.NDL,NEON.LTR.BART072.20161011.NDL.LIG,,1,0.474,12.96,19.54,OK,OK,,University of Florida Wetland Biogeochemistry Laboratory,WBL-M-028,bKF36824dpcABkIQiw5BLQ==,5NMApxg5Cd0pWFY84VRdIg==,,20211221T214309Z,RELEASE-2022
badf6921-b5fd-43f6-9dbe-ccf66b2bcd5a,2017-08-30,BART_042.basePlot.ltr,D01,BART,BART_042,tower,2016-09-20T16:00Z,2016-10-11T16:00Z,NEON.LTR.BART042.20161011.NDL,NEON.LTR.BART042.20161011.NDL.LIG,,1,0.467,18.76,22.12,OK,OK,,University of Florida Wetland Biogeochemistry Laboratory,WBL-M-028,bKF36824dpcABkIQiw5BLQ==,5NMApxg5Cd0pWFY84VRdIg==,,20211221T214309Z,RELEASE-2022
d046bd70-e821-4c74-8550-ebb084eb8a9a,2017-08-30,BART_044.basePlot.ltr,D01,BART,BART_044,tower,2016-09-20T16:00Z,2016-10-11T16:00Z,NEON.LTR.BART044.20161011.LVS,NEON.LTR.BART044.20161011.LVS.LIG,,1,0.468,19.19,20.83,OK,OK,,University of Florida Wetland Biogeochemistry Laboratory,WBL-M-028,bKF36824dpcABkIQiw5BLQ==,5NMApxg5Cd0pWFY84VRdIg==,,20211221T214309Z,RELEASE-2022
2969b2e8-249f-49db-bb6a-7b09ea42897f,2017-08-30,BART_075.basePlot.ltr,D01,BART,BART_075,tower,2016-09-20T16:00Z,2016-10-11T16:00Z,NEON.LTR.BART075.20161011.LVS,NEON.LTR.BART075.20161011.LVS.LIG,,1,0.478,16.27,22.07,OK,OK,,University of Florida Wetland Biogeochemistry Laboratory,WBL-M-028,bKF36824dpcABkIQiw5BLQ==,5NMApxg5Cd0pWFY84VRdIg==,,20211221T214309Z,RELEASE-2022
1a26e1cd-0318-4bbd-97c3-c164af517705,2017-08-30,BART_075.basePlot.ltr,D01,BART,BART_075,tower,2016-09-20T16:00Z,2016-10-11T16:00Z,NEON.LTR.BART075.20161011.NDL,NEON.LTR.BART075.20161011.NDL.LIG,,1,0.477,13.59,19.34,OK,OK,,University of Florida Wetland Biogeochemistry Laboratory,WBL-M-028,bKF36824dpcABkIQiw5BLQ==,5NMApxg5Cd0pWFY84VRdIg==,,20211221T214309Z,RELEASE-2022
064ac022-a3dc-4ecf-ab79-5e40b5880c73,2018-12-17,HARV_037.basePlot.ltr,D01,HARV,HARV_037,tower,2018-10-01T16:00Z,2018-10-15T16:00Z,NEON.LTR.HARV037.20181015.NDL,NEON.LTR.HARV037.20181015.NDL.LIG,A00000032786,1,0.505,15.39,17.69,OK,OK,,University of Florida Wetland Biogeochemistry Laboratory,WBL-M-028,8kr+qfmeu1FQ7vvHWE7F/A==,5NMApxg5Cd0pWFY84VRdIg==,,20211221T230847Z,RELEASE-2022
efee252d-bc09-4a3b-b6f5-05e650a4c87b,2018-12-17,HARV_037.basePlot.ltr,D01,HARV,HARV_037,tower,2018-10-01T16:00Z,2018-10-15T16:00Z,NEON.LTR.HARV037.20181015.LVS,NEON.LTR.HARV037.20181015.LVS.LIG,A00000032826,1,0.538,25.23,15.63,OK,OK,,University of Florida Wetland Biogeochemistry Laboratory,WBL-M-028,8kr+qfmeu1FQ7vvHWE7F/A==,5NMApxg5Cd0pWFY84VRdIg==,,20211221T230847Z,RELEASE-2022
48e39dee-5d2d-4064-9c39-7391169ab4d7,2018-12-13,HARV_046.basePlot.ltr,D01,HARV,HARV_046,tower,2018-10-01T16:00Z,2018-10-15T16:00Z,NEON.LTR.HARV046.20181015.NDL,NEON.LTR.HARV046.20181015.NDL.LIG,A00000032824,1,0.538,30.19,22.92,OK,OK,,University of Florida Wetland Biogeochemistry Laboratory,WBL-M-028,8kr+qfmeu1FQ7vvHWE7F/A==,5NMApxg5Cd0pWFY84VRdIg==,,20211221T230847Z,RELEASE-2022
a8c8d6c6-d3fb-4399-9748-ce89f160d59b,2018-12-13,HARV_041.basePlot.ltr,D01,HARV,HARV_041,tower,2018-10-01T16:00Z,2018-10-15T16:00Z,NEON.LTR.HARV041.20181015.LVS,NEON.LTR.HARV041.20181015.LVS.LIG,A00000032839,1,0.538,28.74,19.21,OK,OK,,University of Florida Wetland Biogeochemistry Laboratory,WBL-M-028,8kr+qfmeu1FQ7vvHWE7F/A==,5NMApxg5Cd0pWFY84VRdIg==,,20211221T230847Z,RELEASE-2022
f3b03324-18fe-4281-bf88-37fa8319b13a,2018-12-13,HARV_051.basePlot.ltr,D01,HARV,HARV_051,tower,2018-10-01T16:00Z,2018-10-15T16:00Z,NEON.LTR.HARV051.20181015.LVS,NEON.LTR.HARV051.20181015.LVS.LIG,A00000032842,1,0.512,27.31,22.57,OK,OK,,University of Florida Wetland Biogeochemistry Laboratory,WBL-M-028,8kr+qfmeu1FQ7vvHWE7F/A==,5NMApxg5Cd0pWFY84VRdIg==,,20211221T230847Z,RELEASE-2022
d75b5c44-fec3-49f6-ba6b-bf9466f7e5c5,2018-12-13,HARV_045.basePlot.ltr,D01,HARV,HARV_045,tower,2018-10-01T16:00Z,2018-10-15T16:00Z,NEON.LTR.HARV045.20181015.LVS,NEON.LTR.HARV045.20181015.LVS.LIG,A00000032814,1,0.532,27.7,23.21,OK,OK,,University of Florida Wetland Biogeochemistry Laboratory,WBL-M-028,8kr+qfmeu1FQ7vvHWE7F/A==,5NMApxg5Cd0pWFY84VRdIg==,,20211221T230847Z,RELEASE-2022
a6e75cf3-65b4-41df-943d-b441f93072bf,2018-12-17,HARV_035.basePlot.ltr,D01,HARV,HARV_035,tower,2018-10-01T16:00Z,2018-10-15T16:00Z,NEON.LTR.HARV035.20181015.NDL,NEON.LTR.HARV035.20181015.NDL.LIG,A00000032816,1,0.523,17.49,18.66,OK,OK,,University of Florida Wetland Biogeochemistry Laboratory,WBL-M-028,8kr+qfmeu1FQ7vvHWE7F/A==,5NMApxg5Cd0pWFY84VRdIg==,,20211221T230847Z,RELEASE-2022
63c07ec5-a8e8-49f7-8573-834fd27999c2,2018-12-13,HARV_043.basePlot.ltr,D01,HARV,HARV_043,tower,2018-10-01T16:00Z,2018-10-15T16:00Z,NEON.LTR.HARV043.20181015.NDL,NEON.LTR.HARV043.20181015.NDL.LIG,A00000032836,1,0.524,21.61,21.05,OK,OK,,University of Florida Wetland Biogeochemistry Laboratory,WBL-M-028,8kr+qfmeu1FQ7vvHWE7F/A==,5NMApxg5Cd0pWFY84VRdIg==,,20211221T230847Z,RELEASE-2022
e965e116-5b22-4271-b2c3-1fcf56905b71,2018-12-17,HARV_036.basePlot.ltr,D01,HARV,HARV_036,tower,2018-10-01T16:00Z,2018-10-15T16:00Z,NEON.LTR.HARV036.20181015.LVS,NEON.LTR.HARV036.20181015.LVS.LIG,A00000032838,1,0.529,23.3,19.03,OK,OK,,University of Florida Wetland Biogeochemistry Laboratory,WBL-M-028,8kr+qfmeu1FQ7vvHWE7F/A==,5NMApxg5Cd0pWFY84VRdIg==,,20211221T230847Z,RELEASE-2022
10f80cb6-97d5-477e-bf49-072c4083ce43,2018-12-13,HARV_049.basePlot.ltr,D01,HARV,HARV_049,tower,2018-10-01T16:00Z,2018-10-15T16:00Z,NEON.LTR.HARV049.20181015.NDL,NEON.LTR.HARV049.20181015.NDL.LIG,A00000032802,2,0.515,25.96,21.69,OK,OK,,University of Florida Wetland Biogeochemistry Laboratory,WBL-M-028,8kr+qfmeu1FQ7vvHWE7F/A==,5NMApxg5Cd0pWFY84VRdIg==,,20211221T230847Z,RELEASE-2022
c6a7fcb3-fdf1-4706-83f3-8599b09a3968,2018-12-13,HARV_052.basePlot.ltr,D01,HARV,HARV_052,tower,2018-10-01T16:00Z,2018-10-15T16:00Z,NEON.LTR.HARV052.20181015.NDL,NEON.LTR.HARV052.20181015.NDL.LIG,A00000032775,1,0.522,20.77,19.3,OK,OK,,University of Florida Wetland Biogeochemistry Laboratory,WBL-M-028,8kr+qfmeu1FQ7vvHWE7F/A==,5NMApxg5Cd0pWFY84VRdIg==,,20211221T230847Z,RELEASE-2022
b0bcd18e-a331-4a0c-8fcd-14a80b10a1ae,2018-12-17,HARV_035.basePlot.ltr,D01,HARV,HARV_035,tower,2018-10-01T16:00Z,2018-10-15T16:00Z,NEON.LTR.HARV035.20181015.LVS,NEON.LTR.HARV035.20181015.LVS.LIG,A00000032805,1,0.533,31.47,20.15,OK,OK,,University of Florida Wetland Biogeochemistry Laboratory,WBL-M-028,8kr+qfmeu1FQ7vvHWE7F/A==,5NMApxg5Cd0pWFY84VRdIg==,,20211221T230847Z,RELEASE-2022
134bef35-cd89-46f7-b4d5-2c5b4f146b63,2018-12-13,HARV_049.basePlot.ltr,D01,HARV,HARV_049,tower,2018-10-01T16:00Z,2018-10-15T16:00Z,NEON.LTR.HARV049.20181015.LVS,NEON.LTR.HARV049.20181015.LVS.LIG,A00000032766,1,0.512,22.58,14.31,OK,OK,,University of Florida Wetland Biogeochemistry Laboratory,WBL-M-028,8kr+qfmeu1FQ7vvHWE7F/A==,5NMApxg5Cd0pWFY84VRdIg==,,20211221T230847Z,RELEASE-2022
1697b395-1d5b-477c-842a-f5df16b483c2,2018-12-13,HARV_049.basePlot.ltr,D01,HARV,HARV_049,tower,2018-10-01T16:00Z,2018-10-15T16:00Z,NEON.LTR.HARV049.20181015.NDL,NEON.LTR.HARV049.20181015.NDL.LIG,A00000032802,1,0.511,25.53,23.23,OK,OK,,University of Florida Wetland Biogeochemistry Laboratory,WBL-M-028,8kr+qfmeu1FQ7vvHWE7F/A==,5NMApxg5Cd0pWFY84VRdIg==,,20211221T230847Z,RELEASE-2022
5d5359f2-f7db-4aac-96d7-abbcbe838e97,2018-12-17,HARV_040.basePlot.ltr,D01,HARV,HARV_040,tower,2018-10-01T16:00Z,2018-10-15T16:00Z,NEON.LTR.HARV040.20181015.LVS,NEON.LTR.HARV040.20181015.LVS.LIG,A00000032744,1,0.509,31.35,20.39,OK,OK,,University of Florida Wetland Biogeochemistry Laboratory,WBL-M-028,8kr+qfmeu1FQ7vvHWE7F/A==,5NMApxg5Cd0pWFY84VRdIg==,,20211221T230847Z,RELEASE-2022
5395e143-04a8-4fd3-9102-760d7d062fad,2018-12-13,HARV_048.basePlot.ltr,D01,HARV,HARV_048,tower,2018-10-01T16:00Z,2018-10-15T16:00Z,NEON.LTR.HARV048.20181015.NDL,NEON.LTR.HARV048.20181015.NDL.LIG,A00000032746,1,0.504,20.83,20.73,OK,OK,,University of Florida Wetland Biogeochemistry Laboratory,WBL-M-028,8kr+qfmeu1FQ7vvHWE7F/A==,5NMApxg5Cd0pWFY84VRdIg==,,20211221T230847Z,RELEASE-2022
8f7957b4-c1f7-4171-8364-52ea7aaf620c,2018-12-17,HARV_033.basePlot.ltr,D01,HARV,HARV_033,tower,2018-10-01T16:00Z,2018-10-15T16:00Z,NEON.LTR.HARV033.20181015.LVS,NEON.LTR.HARV033.20181015.LVS.LIG,A00000032781,1,0.513,26,22.31,OK,OK,,University of Florida Wetland Biogeochemistry Laboratory,WBL-M-028,8kr+qfmeu1FQ7vvHWE7F/A==,5NMApxg5Cd0pWFY84VRdIg==,,20211221T230847Z,RELEASE-2022
fa307c5a-b0e0-4487-8757-c161e450b08f,2018-12-17,HARV_038.basePlot.ltr,D01,HARV,HARV_038,tower,2018-10-01T16:00Z,2018-10-15T16:00Z,NEON.LTR.HARV038.20181015.LVS,NEON.LTR.HARV038.20181015.LVS.LIG,A00000032777,1,0.534,22.34,18.19,OK,OK,,University of Florida Wetland Biogeochemistry Laboratory,WBL-M-028,8kr+qfmeu1FQ7vvHWE7F/A==,5NMApxg5Cd0pWFY84VRdIg==,,20211221T230847Z,RELEASE-2022
20a8b487-d014-46bf-a425-8f6fe7c28116,2018-12-13,HARV_052.basePlot.ltr,D01,HARV,HARV_052,tower,2018-10-01T16:00Z,2018-10-15T16:00Z,NEON.LTR.HARV052.20181015.LVS,NEON.LTR.HARV052.20181015.LVS.LIG,A00000032763,1,0.527,28.03,23.09,OK,OK,,University of Florida Wetland Biogeochemistry Laboratory,WBL-M-028,8kr+qfmeu1FQ7vvHWE7F/A==,5NMApxg5Cd0pWFY84VRdIg==,,20211221T230847Z,RELEASE-2022
376962d2-77d2-427d-a9ed-b35181dc6493,2018-12-13,HARV_050.basePlot.ltr,D01,HARV,HARV_050,tower,2018-10-01T16:00Z,2018-10-15T16:00Z,NEON.LTR.HARV050.20181015.NDL,NEON.LTR.HARV050.20181015.NDL.LIG,A00000032817,1,0.527,32.69,24.56,OK,OK,,University of Florida Wetland Biogeochemistry Laboratory,WBL-M-028,8kr+qfmeu1FQ7vvHWE7F/A==,5NMApxg5Cd0pWFY84VRdIg==,,20211221T230847Z,RELEASE-2022
6e51bdad-3344-453e-a8f1-0a66d13146f1,2018-12-17,HARV_033.basePlot.ltr,D01,HARV,HARV_033,tower,2018-10-01T16:00Z,2018-10-15T16:00Z,NEON.LTR.HARV033.20181015.NDL,NEON.LTR.HARV033.20181015.NDL.LIG,A00000032835,1,0.52,30.76,21.71,OK,OK,,University of Florida Wetland Biogeochemistry Laboratory,WBL-M-028,8kr+qfmeu1FQ7vvHWE7F/A==,5NMApxg5Cd0pWFY84VRdIg==,,20211221T230847Z,RELEASE-2022
8d1d1f33-5489-4bc2-aeab-42feb85da40f,2018-12-13,HARV_043.basePlot.ltr,D01,HARV,HARV_043,tower,2018-10-01T16:00Z,2018-10-15T16:00Z,NEON.LTR.HARV043.20181015.LVS,NEON.LTR.HARV043.20181015.LVS.LIG,A00000032761,1,0.504,29.01,14.14,OK,OK,,University of Florida Wetland Biogeochemistry Laboratory,WBL-M-028,8kr+qfmeu1FQ7vvHWE7F/A==,5NMApxg5Cd0pWFY84VRdIg==,,20211221T230847Z,RELEASE-2022
d2662c42-b6ed-4947-89f8-dce078079c39,2018-12-17,HARV_050.basePlot.ltr,D01,HARV,HARV_050,tower,2018-10-01T16:00Z,2018-10-15T16:00Z,NEON.LTR.HARV050.20181015.LVS,NEON.LTR.HARV050.20181015.LVS.LIG,A00000032840,1,0.511,28.26,19.54,OK,OK,,University of Florida Wetland Biogeochemistry Laboratory,WBL-M-028,8kr+qfmeu1FQ7vvHWE7F/A==,5NMApxg5Cd0pWFY84VRdIg==,,20211221T230847Z,RELEASE-2022
07f3e75e-79a8-464e-a009-387ca12199a8,2018-12-17,HARV_040.basePlot.ltr,D01,HARV,HARV_040,tower,2018-10-01T16:00Z,2018-10-15T16:00Z,NEON.LTR.HARV040.20181015.NDL,NEON.LTR.HARV040.20181015.NDL.LIG,A00000032799,1,0.524,31.44,20.97,OK,OK,,University of Florida Wetland Biogeochemistry Laboratory,WBL-M-028,8kr+qfmeu1FQ7vvHWE7F/A==,5NMApxg5Cd0pWFY84VRdIg==,,20211221T230847Z,RELEASE-2022
e38cf941-f8ca-4db4-a6e3-aaa1496b6908,2018-12-13,HARV_046.basePlot.ltr,D01,HARV,HARV_046,tower,2018-10-01T16:00Z,2018-10-15T16:00Z,NEON.LTR.HARV046.20181015.LVS,NEON.LTR.HARV046.20181015.LVS.LIG,A00000032858,1,0.514,25.93,21.22,OK,OK,,University of Florida Wetland Biogeochemistry Laboratory,WBL-M-028,8kr+qfmeu1FQ7vvHWE7F/A==,5NMApxg5Cd0pWFY84VRdIg==,,20211221T230847Z,RELEASE-2022
594ce63b-ba8d-482a-ac25-0f88f6cd29ea,2018-12-13,HARV_048.basePlot.ltr,D01,HARV,HARV_048,tower,2018-10-01T16:00Z,2018-10-15T16:00Z,NEON.LTR.HARV048.20181015.LVS,NEON.LTR.HARV048.20181015.LVS.LIG,A00000032794,1,0.528,27.87,20.85,OK,OK,,University of Florida Wetland Biogeochemistry Laboratory,WBL-M-028,8kr+qfmeu1FQ7vvHWE7F/A==,5NMApxg5Cd0pWFY84VRdIg==,,20211221T230847Z,RELEASE-2022
776f9bb5-8272-440c-bc52-ceacbed4d9b8,2018-12-17,HARV_038.basePlot.ltr,D01,HARV,HARV_038,tower,2018-10-01T16:00Z,2018-10-15T16:00Z,NEON.LTR.HARV038.20181015.NDL,NEON.LTR.HARV038.20181015.NDL.LIG,A00000032760,1,0.512,24.34,21.04,OK,OK,,University of Florida Wetland Biogeochemistry Laboratory,WBL-M-028,8kr+qfmeu1FQ7vvHWE7F/A==,5NMApxg5Cd0pWFY84VRdIg==,,20211221T230847Z,RELEASE-2022
1bba093b-6087-4b48-b80b-c648eea679ac,2018-12-13,HARV_041.basePlot.ltr,D01,HARV,HARV_041,tower,2018-10-01T16:00Z,2018-10-15T16:00Z,NEON.LTR.HARV041.20181015.NDL,NEON.LTR.HARV041.20181015.NDL.LIG,A00000032804,1,0.522,29.05,23.34,OK,OK,,University of Florida Wetland Biogeochemistry Laboratory,WBL-M-028,8kr+qfmeu1FQ7vvHWE7F/A==,5NMApxg5Cd0pWFY84VRdIg==,,20211221T230847Z,RELEASE-2022
e105f903-9d53-4db0-83c2-a12288df1e9e,2018-12-13,HARV_042.basePlot.ltr,D01,HARV,HARV_042,tower,2018-10-01T16:00Z,2018-10-16T16:00Z,NEON.LTR.HARV042.20181016.LVS,NEON.LTR.HARV042.20181016.LVS.LIG,A00000032752,1,0.53,28.44,22.03,OK,OK,,University of Florida Wetland Biogeochemistry Laboratory,WBL-M-028,8kr+qfmeu1FQ7vvHWE7F/A==,5NMApxg5Cd0pWFY84VRdIg==,,20211221T230847Z,RELEASE-2022
053d70c8-a20c-44bd-b25f-c2876046a0d3,2018-12-17,HARV_039.basePlot.ltr,D01,HARV,HARV_039,tower,2018-10-01T16:00Z,2018-10-16T16:00Z,NEON.LTR.HARV039.20181016.LVS,NEON.LTR.HARV039.20181016.LVS.LIG,A00000032787,1,0.515,24.84,19.19,OK,OK,,University of Florida Wetland Biogeochemistry Laboratory,WBL-M-028,8kr+qfmeu1FQ7vvHWE7F/A==,5NMApxg5Cd0pWFY84VRdIg==,,20211221T230847Z,RELEASE-2022
222f59f2-e861-4e46-b621-85c72eca2aeb,2018-12-17,HARV_034.basePlot.ltr,D01,HARV,HARV_034,tower,2018-10-01T16:00Z,2018-10-16T16:00Z,NEON.LTR.HARV034.20181016.NDL,NEON.LTR.HARV034.20181016.NDL.LIG,A00000032769,2,0.543,28.78,21.45,OK,OK,,University of Florida Wetland Biogeochemistry Laboratory,WBL-M-028,8kr+qfmeu1FQ7vvHWE7F/A==,5NMApxg5Cd0pWFY84VRdIg==,,20211221T230847Z,RELEASE-2022
17127162-f11f-4c07-a9d6-49381f2076f8,2018-12-13,HARV_042.basePlot.ltr,D01,HARV,HARV_042,tower,2018-10-01T16:00Z,2018-10-16T16:00Z,NEON.LTR.HARV042.20181016.NDL,NEON.LTR.HARV042.20181016.NDL.LIG,A00000032751,1,0.511,32.55,23.62,OK,OK,,University of Florida Wetland Biogeochemistry Laboratory,WBL-M-028,8kr+qfmeu1FQ7vvHWE7F/A==,5NMApxg5Cd0pWFY84VRdIg==,,20211221T230847Z,RELEASE-2022
4cb8da8d-4885-4847-8e82-6526f3cd8b8c,2018-12-13,HARV_044.basePlot.ltr,D01,HARV,HARV_044,tower,2018-10-01T16:00Z,2018-10-16T16:00Z,NEON.LTR.HARV044.20181016.LVS,NEON.LTR.HARV044.20181016.LVS.LIG,A00000032801,1,0.528,25.87,21.52,OK,OK,,University of Florida Wetland Biogeochemistry Laboratory,WBL-M-028,8kr+qfmeu1FQ7vvHWE7F/A==,5NMApxg5Cd0pWFY84VRdIg==,,20211221T230847Z,RELEASE-2022
951463c6-d6e2-4719-b936-fd9dd62a5a4e,2018-12-13,HARV_047.basePlot.ltr,D01,HARV,HARV_047,tower,2018-10-01T16:00Z,2018-10-16T16:00Z,NEON.LTR.HARV047.20181016.LVS,NEON.LTR.HARV047.20181016.LVS.LIG,A00000032780,1,0.518,27.06,23.68,OK,OK,,University of Florida Wetland Biogeochemistry Laboratory,WBL-M-028,8kr+qfmeu1FQ7vvHWE7F/A==,5NMApxg5Cd0pWFY84VRdIg==,,20211221T230847Z,RELEASE-2022
a587e2e4-c78c-45e1-8631-77224fa3cb73,2018-12-17,HARV_039.basePlot.ltr,D01,HARV,HARV_039,tower,2018-10-01T16:00Z,2018-10-16T16:00Z,NEON.LTR.HARV039.20181016.NDL,NEON.LTR.HARV039.20181016.NDL.LIG,A00000032770,1,0.513,30.28,22.9,OK,OK,,University of Florida Wetland Biogeochemistry Laboratory,WBL-M-028,8kr+qfmeu1FQ7vvHWE7F/A==,5NMApxg5Cd0pWFY84VRdIg==,,20211221T230847Z,RELEASE-2022
15b9be38-cf10-4808-a192-c2bff9e1cc5b,2018-12-13,HARV_044.basePlot.ltr,D01,HARV,HARV_044,tower,2018-10-01T16:00Z,2018-10-16T16:00Z,NEON.LTR.HARV044.20181016.NDL,NEON.LTR.HARV044.20181016.NDL.LIG,A00000032803,1,0.528,33.02,24.93,OK,OK,,University of Florida Wetland Biogeochemistry Laboratory,WBL-M-028,8kr+qfmeu1FQ7vvHWE7F/A==,5NMApxg5Cd0pWFY84VRdIg==,,20211221T230847Z,RELEASE-2022
cee35778-8696-4135-82a8-a8e8693d57f2,2018-12-17,HARV_034.basePlot.ltr,D01,HARV,HARV_034,tower,2018-10-01T16:00Z,2018-10-16T16:00Z,NEON.LTR.HARV034.20181016.NDL,NEON.LTR.HARV034.20181016.NDL.LIG,A00000032769,1,0.548,28.66,22.31,OK,OK,,University of Florida Wetland Biogeochemistry Laboratory,WBL-M-028,8kr+qfmeu1FQ7vvHWE7F/A==,5NMApxg5Cd0pWFY84VRdIg==,,20211221T230847Z,RELEASE-2022
e6a0a038-6db7-4023-9c97-3467bbcf7510,2018-12-17,HARV_034.basePlot.ltr,D01,HARV,HARV_034,tower,2018-10-01T16:00Z,2018-10-16T16:00Z,NEON.LTR.HARV034.20181016.LVS,NEON.LTR.HARV034.20181016.LVS.LIG,A00000032812,1,0.504,26.11,20.84,OK,OK,,University of Florida Wetland Biogeochemistry Laboratory,WBL-M-028,8kr+qfmeu1FQ7vvHWE7F/A==,5NMApxg5Cd0pWFY84VRdIg==,,20211221T230847Z,RELEASE-2022
7c84237c-7fe0-4a08-b18a-556fd8905620,2022-02-18,SERC_051.basePlot.ltr,D02,SERC,SERC_051,tower,2021-11-02T16:00Z,2021-11-16T17:00Z,NEON.LTR.SERC051.20211116.NDL,NEON.LTR.SERC051.20211116.NDL.LIG,A00000165490,1,0.482,25.88,19,OK,OK,,A and L Great Lakes,SOP APF-10-024,5CCjZV/fgtQ=,j+NchQmCR3uWeXRzNkSPNw==,,20220906T155501Z,PROVISIONAL
7432107c-5129-42b9-bccd-c0a5b5eabf43,2022-02-18,SERC_052.basePlot.ltr,D02,SERC,SERC_052,tower,2021-11-02T16:00Z,2021-11-16T17:00Z,NEON.LTR.SERC052.20211116.LVS,NEON.LTR.SERC052.20211116.LVS.LIG,A00000166438,1,0.473,20.92,21.39,OK,OK,,A and L Great Lakes,SOP APF-10-024,5CCjZV/fgtQ=,j+NchQmCR3uWeXRzNkSPNw==,,20220906T155501Z,PROVISIONAL
cdf65a54-1231-493a-8efb-d74c8add76b0,2022-02-18,SERC_049.basePlot.ltr,D02,SERC,SERC_049,tower,2021-11-02T16:00Z,2021-11-16T17:00Z,NEON.LTR.SERC049.20211116.LVS,NEON.LTR.SERC049.20211116.LVS.LIG,A00000165480,1,0.467,27.92,22.25,OK,OK,,A and L Great Lakes,SOP APF-10-024,5CCjZV/fgtQ=,j+NchQmCR3uWeXRzNkSPNw==,,20220906T155501Z,PROVISIONAL
1319749e-cc7a-474c-bfd6-5c396bbaab41,2022-02-18,SERC_047.basePlot.ltr,D02,SERC,SERC_047,tower,2021-11-02T16:00Z,2021-11-16T17:00Z,NEON.LTR.SERC047.20211116.LVS,NEON.LTR.SERC047.20211116.LVS.LIG,A00000165481,1,0.481,22.77,22.75,OK,OK,,A and L Great Lakes,SOP APF-10-024,5CCjZV/fgtQ=,j+NchQmCR3uWeXRzNkSPNw==,,20220906T155501Z,PROVISIONAL
d23e0cc1-4305-47fc-9405-683cbd585a82,2022-02-18,SERC_053.basePlot.ltr,D02,SERC,SERC_053,tower,2021-11-02T16:00Z,2021-11-16T17:00Z,NEON.LTR.SERC053.20211116.LVS,NEON.LTR.SERC053.20211116.LVS.LIG,A00000166461,1,0.466,17.9,21.4,OK,OK,,A and L Great Lakes,SOP APF-10-024,5CCjZV/fgtQ=,j+NchQmCR3uWeXRzNkSPNw==,,20220906T155501Z,PROVISIONAL
3f009c05-2ee9-4c15-a1a0-b90bea7d7391,2022-02-18,SERC_048.basePlot.ltr,D02,SERC,SERC_048,tower,2021-11-02T16:00Z,2021-11-16T17:00Z,NEON.LTR.SERC048.20211116.LVS,NEON.LTR.SERC048.20211116.LVS.LIG,A00000165479,1,0.471,28.82,24.32,OK,OK,,A and L Great Lakes,SOP APF-10-024,5CCjZV/fgtQ=,j+NchQmCR3uWeXRzNkSPNw==,,20220906T155501Z,PROVISIONAL
570ea157-ab60-41bf-851b-9d70b1386678,2022-02-18,SERC_050.basePlot.ltr,D02,SERC,SERC_050,tower,2021-11-02T16:00Z,2021-11-16T17:00Z,NEON.LTR.SERC050.20211116.LVS,NEON.LTR.SERC050.20211116.LVS.LIG,A00000165489,1,0.477,26.4,21.13,OK,OK,,A and L Great Lakes,SOP APF-10-024,5CCjZV/fgtQ=,j+NchQmCR3uWeXRzNkSPNw==,,20220906T155501Z,PROVISIONAL
3bbe5161-e17a-4624-a6e5-d0e499581b11,2022-02-18,SERC_054.basePlot.ltr,D02,SERC,SERC_054,tower,2021-11-02T16:00Z,2021-11-16T17:00Z,NEON.LTR.SERC054.20211116.LVS,NEON.LTR.SERC054.20211116.LVS.LIG,A00000166434,1,0.453,17.57,22.74,OK,OK,,A and L Great Lakes,SOP APF-10-024,5CCjZV/fgtQ=,j+NchQmCR3uWeXRzNkSPNw==,,20220906T155501Z,PROVISIONAL
622e1f0e-aee1-48c8-bcc6-fbdbc99dd7b8,2022-02-18,SERC_044.basePlot.ltr,D02,SERC,SERC_044,tower,2021-11-02T16:00Z,2021-11-16T17:00Z,NEON.LTR.SERC044.20211116.LVS,NEON.LTR.SERC044.20211116.LVS.LIG,A00000165491,1,0.486,23.64,19.15,OK,OK,,A and L Great Lakes,SOP APF-10-024,5CCjZV/fgtQ=,j+NchQmCR3uWeXRzNkSPNw==,,20220906T155501Z,PROVISIONAL
3af4e562-f1b1-48ba-8681-e0e0238164d5,2022-02-18,SERC_051.basePlot.ltr,D02,SERC,SERC_051,tower,2021-11-02T16:00Z,2021-11-16T17:00Z,NEON.LTR.SERC051.20211116.LVS,NEON.LTR.SERC051.20211116.LVS.LIG,A00000165460,1,0.455,32.4,21.51,OK,OK,,A and L Great Lakes,SOP APF-10-024,5CCjZV/fgtQ=,j+NchQmCR3uWeXRzNkSPNw==,,20220906T155501Z,PROVISIONAL
8f730a25-7a02-4d9c-8056-fbba051ce843,2022-02-18,SERC_045.basePlot.ltr,D02,SERC,SERC_045,tower,2021-11-02T16:00Z,2021-11-16T17:00Z,NEON.LTR.SERC045.20211116.LVS,NEON.LTR.SERC045.20211116.LVS.LIG,A00000165469,1,0.472,19.27,19.86,OK,OK,,A and L Great Lakes,SOP APF-10-024,5CCjZV/fgtQ=,j+NchQmCR3uWeXRzNkSPNw==,,20220906T155501Z,PROVISIONAL
1321ea04-fb9d-419c-b130-bbd9f5ff9c9f,2021-03-26,TREE_042.basePlot.ltr,D05,TREE,TREE_042,tower,2020-09-14T17:00Z,2020-09-28T17:00Z,NEON.LTR.TREE042.20200928.LVS,NEON.LTR.TREE042.20200928.LVS.LIG,B00000081031,1,0.486,16.49,15.51,OK,OK,,A and L Great Lakes,SOP APF-10-024,5CCjZV/fgtQ=,j+NchQmCR3uWeXRzNkSPNw==,,20211221T235036Z,RELEASE-2022
601ddea4-e8f3-4f87-ab3f-f736a5812921,2021-03-26,TREE_050.basePlot.ltr,D05,TREE,TREE_050,tower,2020-09-14T17:00Z,2020-09-28T17:00Z,NEON.LTR.TREE050.20200928.NDL,NEON.LTR.TREE050.20200928.NDL.LIG,B00000081072,1,0.491,29.97,19.96,OK,OK,,A and L Great Lakes,SOP APF-10-024,5CCjZV/fgtQ=,j+NchQmCR3uWeXRzNkSPNw==,,20211221T235036Z,RELEASE-2022
5abe1756-6a21-4219-9e55-9821da4cd725,2021-03-26,TREE_047.basePlot.ltr,D05,TREE,TREE_047,tower,2020-09-14T17:00Z,2020-09-28T17:00Z,NEON.LTR.TREE047.20200928.LVS,NEON.LTR.TREE047.20200928.LVS.LIG,B00000081044,1,0.491,18.85,16.43,OK,OK,,A and L Great Lakes,SOP APF-10-024,5CCjZV/fgtQ=,j+NchQmCR3uWeXRzNkSPNw==,,20211221T235036Z,RELEASE-2022
d3895201-4cbe-4ce4-850b-a2c14fb057c4,2021-03-26,TREE_043.basePlot.ltr,D05,TREE,TREE_043,tower,2020-09-14T17:00Z,2020-09-28T17:00Z,NEON.LTR.TREE043.20200928.NDL,NEON.LTR.TREE043.20200928.NDL.LIG,B00000081070,1,0.474,21.47,20.52,OK,OK,,A and L Great Lakes,SOP APF-10-024,5CCjZV/fgtQ=,j+NchQmCR3uWeXRzNkSPNw==,,20211221T235036Z,RELEASE-2022
d77ea45b-7912-445b-8a84-e4cd19d6bc04,2021-03-26,TREE_041.basePlot.ltr,D05,TREE,TREE_041,tower,2020-09-14T17:00Z,2020-09-28T17:00Z,NEON.LTR.TREE041.20200928.LVS,NEON.LTR.TREE041.20200928.LVS.LIG,B00000081021,1,0.466,15.19,15.23,OK,OK,,A and L Great Lakes,SOP APF-10-024,5CCjZV/fgtQ=,j+NchQmCR3uWeXRzNkSPNw==,,20211221T235036Z,RELEASE-2022
0fbefb35-65d5-4a5c-a81d-7804a993a0c7,2021-03-26,TREE_048.basePlot.ltr,D05,TREE,TREE_048,tower,2020-09-14T17:00Z,2020-09-28T17:00Z,NEON.LTR.TREE048.20200928.NDL,NEON.LTR.TREE048.20200928.NDL.LIG,B00000081062,1,0.487,30.14,19.47,OK,OK,,A and L Great Lakes,SOP APF-10-024,5CCjZV/fgtQ=,j+NchQmCR3uWeXRzNkSPNw==,,20211221T235036Z,RELEASE-2022
9798b63e-c5ae-4b1f-941f-038eb5c1645b,2021-03-26,TREE_049.basePlot.ltr,D05,TREE,TREE_049,tower,2020-09-14T17:00Z,2020-09-28T17:00Z,NEON.LTR.TREE049.20200928.LVS,NEON.LTR.TREE049.20200928.LVS.LIG,B00000081052,1,0.49,15.3,16.95,OK,OK,,A and L Great Lakes,SOP APF-10-024,5CCjZV/fgtQ=,j+NchQmCR3uWeXRzNkSPNw==,,20211221T235036Z,RELEASE-2022
8bf94558-54ee-4c75-acf8-e3b77994598d,2021-03-26,TREE_045.basePlot.ltr,D05,TREE,TREE_045,tower,2020-09-14T17:00Z,2020-09-28T17:00Z,NEON.LTR.TREE045.20200928.NDL,NEON.LTR.TREE045.20200928.NDL.LIG,B00000081067,1,0.466,23.15,16.37,OK,OK,,A and L Great Lakes,SOP APF-10-024,5CCjZV/fgtQ=,j+NchQmCR3uWeXRzNkSPNw==,,20211221T235036Z,RELEASE-2022
abd502e4-2d9a-4f9a-8486-f7051f53819b,2021-03-26,TREE_047.basePlot.ltr,D05,TREE,TREE_047,tower,2020-09-14T17:00Z,2020-09-28T17:00Z,NEON.LTR.TREE047.20200928.NDL,NEON.LTR.TREE047.20200928.NDL.LIG,B00000081064,1,0.469,15.62,16.03,OK,OK,,A and L Great Lakes,SOP APF-10-024,5CCjZV/fgtQ=,j+NchQmCR3uWeXRzNkSPNw==,,20211221T235036Z,RELEASE-2022
2731eec7-6b7c-405e-9287-b71c2f693a5f,2021-03-26,TREE_045.basePlot.ltr,D05,TREE,TREE_045,tower,2020-09-14T17:00Z,2020-09-28T17:00Z,NEON.LTR.TREE045.20200928.LVS,NEON.LTR.TREE045.20200928.LVS.LIG,B00000081049,1,0.483,16.18,13.77,OK,OK,,A and L Great Lakes,SOP APF-10-024,5CCjZV/fgtQ=,j+NchQmCR3uWeXRzNkSPNw==,,20211221T235036Z,RELEASE-2022
65daff9c-ba06-49fb-9ae7-c1005e3ce5f0,2021-03-26,TREE_025.basePlot.ltr,D05,TREE,TREE_025,tower,2020-09-14T17:00Z,2020-09-28T17:00Z,NEON.LTR.TREE025.20200928.NDL,NEON.LTR.TREE025.20200928.NDL.LIG,B00000081013,1,0.482,24.48,17.43,OK,OK,,A and L Great Lakes,SOP APF-10-024,5CCjZV/fgtQ=,j+NchQmCR3uWeXRzNkSPNw==,,20211221T235036Z,RELEASE-2022
dea2ea39-c49d-4393-8838-40354fe655ec,2021-03-26,TREE_044.basePlot.ltr,D05,TREE,TREE_044,tower,2020-09-14T17:00Z,2020-09-28T17:00Z,NEON.LTR.TREE044.20200928.LVS,NEON.LTR.TREE044.20200928.LVS.LIG,B00000081036,1,0.493,34.94,19.75,OK,OK,,A and L Great Lakes,SOP APF-10-024,5CCjZV/fgtQ=,j+NchQmCR3uWeXRzNkSPNw==,,20211221T235036Z,RELEASE-2022
b8aaf3f5-484e-4627-b0d8-c2363a3e651b,2021-03-26,TREE_046.basePlot.ltr,D05,TREE,TREE_046,tower,2020-09-14T17:00Z,2020-09-28T17:00Z,NEON.LTR.TREE046.20200928.LVS,NEON.LTR.TREE046.20200928.LVS.LIG,B00000081047,1,0.473,15.81,16.98,OK,OK,,A and L Great Lakes,SOP APF-10-024,5CCjZV/fgtQ=,j+NchQmCR3uWeXRzNkSPNw==,,20211221T235036Z,RELEASE-2022
54dff991-d3bb-4e36-91c3-5b150492a2f0,2021-03-26,TREE_052.basePlot.ltr,D05,TREE,TREE_052,tower,2020-09-14T17:00Z,2020-09-28T17:00Z,NEON.LTR.TREE052.20200928.LVS,NEON.LTR.TREE052.20200928.LVS.LIG,B00000081061,1,0.492,21.28,20.32,OK,OK,,A and L Great Lakes,SOP APF-10-024,5CCjZV/fgtQ=,j+NchQmCR3uWeXRzNkSPNw==,,20211221T235036Z,RELEASE-2022
6b5dd76f-5f85-4440-8a53-4d62f9e063d8,2021-03-26,TREE_043.basePlot.ltr,D05,TREE,TREE_043,tower,2020-09-14T17:00Z,2020-09-28T17:00Z,NEON.LTR.TREE043.20200928.LVS,NEON.LTR.TREE043.20200928.LVS.LIG,B00000081035,1,0.481,19.72,18.21,OK,OK,,A and L Great Lakes,SOP APF-10-024,5CCjZV/fgtQ=,j+NchQmCR3uWeXRzNkSPNw==,,20211221T235036Z,RELEASE-2022
b952c9a3-2ed0-40c9-b1e5-b0e422bb187e,2021-03-26,TREE_051.basePlot.ltr,D05,TREE,TREE_051,tower,2020-09-14T17:00Z,2020-09-28T17:00Z,NEON.LTR.TREE051.20200928.LVS,NEON.LTR.TREE051.20200928.LVS.LIG,B00000081057,1,0.477,19.38,24.79,OK,OK,,A and L Great Lakes,SOP APF-10-024,5CCjZV/fgtQ=,j+NchQmCR3uWeXRzNkSPNw==,,20211221T235036Z,RELEASE-2022
f5d33099-118b-41ed-b3c3-276d16ae1d84,2021-03-26,TREE_040.basePlot.ltr,D05,TREE,TREE_040,tower,2020-09-14T17:00Z,2020-09-28T17:00Z,NEON.LTR.TREE040.20200928.LVS,NEON.LTR.TREE040.20200928.LVS.LIG,B00000081025,1,0.477,29.59,15.65,OK,OK,,A and L Great Lakes,SOP APF-10-024,5CCjZV/fgtQ=,j+NchQmCR3uWeXRzNkSPNw==,,20211221T235036Z,RELEASE-2022
10cf25d8-d22d-42b5-9c4e-4516f324559d,2021-03-26,TREE_040.basePlot.ltr,D05,TREE,TREE_040,tower,2020-09-14T17:00Z,2020-09-28T17:00Z,NEON.LTR.TREE040.20200928.NDL,NEON.LTR.TREE040.20200928.NDL.LIG,B00000081028,1,0.497,33.23,18.71,OK,OK,,A and L Great Lakes,SOP APF-10-024,5CCjZV/fgtQ=,j+NchQmCR3uWeXRzNkSPNw==,,20211221T235036Z,RELEASE-2022
ed3c3f35-3d10-47d9-8c30-ced8a6b99ee2,2021-03-26,TREE_048.basePlot.ltr,D05,TREE,TREE_048,tower,2020-09-14T17:00Z,2020-09-28T17:00Z,NEON.LTR.TREE048.20200928.LVS,NEON.LTR.TREE048.20200928.LVS.LIG,B00000081042,1,0.472,24.66,16.24,OK,OK,,A and L Great Lakes,SOP APF-10-024,5CCjZV/fgtQ=,j+NchQmCR3uWeXRzNkSPNw==,,20211221T235036Z,RELEASE-2022
e3853604-f046-453f-99da-a2061d05de28,2021-03-26,TREE_039.basePlot.ltr,D05,TREE,TREE_039,tower,2020-09-14T17:00Z,2020-09-28T17:00Z,NEON.LTR.TREE039.20200928.LVS,NEON.LTR.TREE039.20200928.LVS.LIG,B00000081018,1,0.486,15.28,15.38,OK,OK,,A and L Great Lakes,SOP APF-10-024,5CCjZV/fgtQ=,j+NchQmCR3uWeXRzNkSPNw==,,20211221T235036Z,RELEASE-2022
0c85fefd-d9c3-4d44-b669-3ee494a38519,2021-03-26,TREE_052.basePlot.ltr,D05,TREE,TREE_052,tower,2020-09-14T17:00Z,2020-09-28T17:00Z,NEON.LTR.TREE052.20200928.NDL,NEON.LTR.TREE052.20200928.NDL.LIG,B00000081076,1,0.462,17.98,18.19,OK,OK,,A and L Great Lakes,SOP APF-10-024,5CCjZV/fgtQ=,j+NchQmCR3uWeXRzNkSPNw==,,20211221T235036Z,RELEASE-2022
fd37e6c6-fb68-45bc-ba10-56319232cca0,2021-03-26,TREE_025.basePlot.ltr,D05,TREE,TREE_025,tower,2020-09-14T17:00Z,2020-09-28T17:00Z,NEON.LTR.TREE025.20200928.LVS,NEON.LTR.TREE025.20200928.LVS.LIG,B00000081011,1,0.477,16.16,15.77,OK,OK,,A and L Great Lakes,SOP APF-10-024,5CCjZV/fgtQ=,j+NchQmCR3uWeXRzNkSPNw==,,20211221T235036Z,RELEASE-2022
8f347999-51c4-4f4b-8eb0-5e8daad87251,2018-01-29,ORNL_061.basePlot.ltr,D07,ORNL,ORNL_061,tower,2017-10-25T16:00Z,2017-11-06T17:00Z,NEON.LTR.ORNL061.20171106.LVS,NEON.LTR.ORNL061.20171106.LVS.LIG,,1,0.595,18.81,20.44,OK,OK,,University of Florida Wetland Biogeochemistry Laboratory,WBL-M-028,bKF36824dpcABkIQiw5BLQ==,5NMApxg5Cd0pWFY84VRdIg==,,20211222T031804Z,RELEASE-2022
74283647-8556-4b20-8fe2-b0dba406a77c,2018-01-29,ORNL_053.basePlot.ltr,D07,ORNL,ORNL_053,tower,2017-10-25T16:00Z,2017-11-06T17:00Z,NEON.LTR.ORNL053.20171106.LVS,NEON.LTR.ORNL053.20171106.LVS.LIG,,1,0.548,23.52,24.92,OK,OK,,University of Florida Wetland Biogeochemistry Laboratory,WBL-M-028,bKF36824dpcABkIQiw5BLQ==,5NMApxg5Cd0pWFY84VRdIg==,,20211222T031804Z,RELEASE-2022
a7641e10-a6b2-4e89-ab01-464dc52db0c3,2018-01-26,ORNL_037.basePlot.ltr,D07,ORNL,ORNL_037,tower,2017-10-25T16:00Z,2017-11-06T17:00Z,NEON.LTR.ORNL037.20171106.LVS,NEON.LTR.ORNL037.20171106.LVS.LIG,,1,0.54,32.22,24.21,OK,OK,,University of Florida Wetland Biogeochemistry Laboratory,WBL-M-028,bKF36824dpcABkIQiw5BLQ==,5NMApxg5Cd0pWFY84VRdIg==,,20211222T031804Z,RELEASE-2022
21382eb2-86de-47aa-9bb1-d8ee7f3141d7,2018-01-26,ORNL_046.basePlot.ltr,D07,ORNL,ORNL_046,tower,2017-10-25T16:00Z,2017-11-06T17:00Z,NEON.LTR.ORNL046.20171106.LVS,NEON.LTR.ORNL046.20171106.LVS.LIG,,1,0.544,20.15,19.99,OK,OK,,University of Florida Wetland Biogeochemistry Laboratory,WBL-M-028,bKF36824dpcABkIQiw5BLQ==,5NMApxg5Cd0pWFY84VRdIg==,,20211222T031804Z,RELEASE-2022
ca0e886e-0c17-46d9-a809-4968e87a0678,2018-01-26,ORNL_043.basePlot.ltr,D07,ORNL,ORNL_043,tower,2017-10-25T16:00Z,2017-11-06T17:00Z,NEON.LTR.ORNL043.20171106.NDL,NEON.LTR.ORNL043.20171106.NDL.LIG,,1,0.584,34.74,25.14,OK,OK,,University of Florida Wetland Biogeochemistry Laboratory,WBL-M-028,bKF36824dpcABkIQiw5BLQ==,5NMApxg5Cd0pWFY84VRdIg==,,20211222T031804Z,RELEASE-2022
d6e88594-9acc-4677-8bec-ce5799c905c6,2018-01-26,ORNL_043.basePlot.ltr,D07,ORNL,ORNL_043,tower,2017-10-25T16:00Z,2017-11-06T17:00Z,NEON.LTR.ORNL043.20171106.LVS,NEON.LTR.ORNL043.20171106.LVS.LIG,,1,0.547,26,21.24,OK,OK,,University of Florida Wetland Biogeochemistry Laboratory,WBL-M-028,bKF36824dpcABkIQiw5BLQ==,5NMApxg5Cd0pWFY84VRdIg==,,20211222T031804Z,RELEASE-2022
69764a79-b5d5-402e-a2dd-7898eb79c335,2018-01-26,ORNL_036.basePlot.ltr,D07,ORNL,ORNL_036,tower,2017-10-25T16:00Z,2017-11-06T17:00Z,NEON.LTR.ORNL036.20171106.LVS,NEON.LTR.ORNL036.20171106.LVS.LIG,,1,0.594,29.24,25.6,OK,OK,,University of Florida Wetland Biogeochemistry Laboratory,WBL-M-028,bKF36824dpcABkIQiw5BLQ==,5NMApxg5Cd0pWFY84VRdIg==,,20211222T031804Z,RELEASE-2022
2fc63c19-2c36-4c88-90d9-32aa8180bff1,2018-01-26,ORNL_050.basePlot.ltr,D07,ORNL,ORNL_050,tower,2017-10-25T16:00Z,2017-11-06T17:00Z,NEON.LTR.ORNL050.20171106.LVS,NEON.LTR.ORNL050.20171106.LVS.LIG,,1,0.557,27.32,25.55,OK,OK,,University of Florida Wetland Biogeochemistry Laboratory,WBL-M-028,bKF36824dpcABkIQiw5BLQ==,5NMApxg5Cd0pWFY84VRdIg==,,20211222T031804Z,RELEASE-2022
597fbf18-4c2e-456f-aaf6-12461dee0d9f,2018-01-29,ORNL_056.basePlot.ltr,D07,ORNL,ORNL_056,tower,2017-10-25T16:00Z,2017-11-06T17:00Z,NEON.LTR.ORNL056.20171106.LVS,NEON.LTR.ORNL056.20171106.LVS.LIG,,1,0.504,28.95,26.71,OK,OK,,University of Florida Wetland Biogeochemistry Laboratory,WBL-M-028,bKF36824dpcABkIQiw5BLQ==,5NMApxg5Cd0pWFY84VRdIg==,,20211222T031804Z,RELEASE-2022
a9e8c5f9-7edf-4e68-b9d1-464f427e2f66,2018-01-26,ORNL_049.basePlot.ltr,D07,ORNL,ORNL_049,tower,2017-10-25T16:00Z,2017-11-06T17:00Z,NEON.LTR.ORNL049.20171106.LVS,NEON.LTR.ORNL049.20171106.LVS.LIG,,1,0.561,25.96,23.81,OK,OK,,University of Florida Wetland Biogeochemistry Laboratory,WBL-M-028,bKF36824dpcABkIQiw5BLQ==,5NMApxg5Cd0pWFY84VRdIg==,,20211222T031804Z,RELEASE-2022
01b12cbd-d3ca-4153-811c-2adfa2a9fffe,2018-01-29,ORNL_061.basePlot.ltr,D07,ORNL,ORNL_061,tower,2017-10-25T16:00Z,2017-11-06T17:00Z,NEON.LTR.ORNL061.20171106.NDL,NEON.LTR.ORNL061.20171106.NDL.LIG,,1,0.498,29.3,23.57,OK,OK,,University of Florida Wetland Biogeochemistry Laboratory,WBL-M-028,bKF36824dpcABkIQiw5BLQ==,5NMApxg5Cd0pWFY84VRdIg==,,20211222T031804Z,RELEASE-2022
60e347ce-0e2f-40a9-bd26-f8b30b932e76,2018-01-29,ORNL_060.basePlot.ltr,D07,ORNL,ORNL_060,tower,2017-10-25T16:00Z,2017-11-06T17:00Z,NEON.LTR.ORNL060.20171106.LVS,NEON.LTR.ORNL060.20171106.LVS.LIG,,1,0.574,24.21,26.08,OK,OK,,University of Florida Wetland Biogeochemistry Laboratory,WBL-M-028,bKF36824dpcABkIQiw5BLQ==,5NMApxg5Cd0pWFY84VRdIg==,,20211222T031804Z,RELEASE-2022
0d9df027-b30c-468c-9b00-00db91d800bc,2018-01-29,ORNL_062.basePlot.ltr,D07,ORNL,ORNL_062,tower,2017-10-25T16:00Z,2017-11-06T17:00Z,NEON.LTR.ORNL062.20171106.LVS,NEON.LTR.ORNL062.20171106.LVS.LIG,,1,0.56,34.68,24.46,OK,OK,,University of Florida Wetland Biogeochemistry Laboratory,WBL-M-028,bKF36824dpcABkIQiw5BLQ==,5NMApxg5Cd0pWFY84VRdIg==,,20211222T031804Z,RELEASE-2022
2c8adc57-6d12-4c7c-b842-aa4ce6181a07,2018-01-29,ORNL_059.basePlot.ltr,D07,ORNL,ORNL_059,tower,2017-10-25T16:00Z,2017-11-06T17:00Z,NEON.LTR.ORNL059.20171106.LVS,NEON.LTR.ORNL059.20171106.LVS.LIG,,1,0.531,28.09,23.42,OK,OK,,University of Florida Wetland Biogeochemistry Laboratory,WBL-M-028,bKF36824dpcABkIQiw5BLQ==,5NMApxg5Cd0pWFY84VRdIg==,,20211222T031804Z,RELEASE-2022
0f8550db-5f5b-4aa8-9387-98d3d3cf3aa8,2018-01-29,ORNL_063.basePlot.ltr,D07,ORNL,ORNL_063,tower,2017-10-25T16:00Z,2017-11-06T17:00Z,NEON.LTR.ORNL063.20171106.LVS,NEON.LTR.ORNL063.20171106.LVS.LIG,,1,0.55,24.34,22.06,OK,OK,,University of Florida Wetland Biogeochemistry Laboratory,WBL-M-028,bKF36824dpcABkIQiw5BLQ==,5NMApxg5Cd0pWFY84VRdIg==,,20211222T031804Z,RELEASE-2022
19189c61-7790-46c5-b461-b9a24ddd004b,2018-01-29,ORNL_051.basePlot.ltr,D07,ORNL,ORNL_051,tower,2017-10-25T16:00Z,2017-11-06T17:00Z,NEON.LTR.ORNL051.20171106.LVS,NEON.LTR.ORNL051.20171106.LVS.LIG,,1,0.57,24.55,24.58,OK,OK,,University of Florida Wetland Biogeochemistry Laboratory,WBL-M-028,bKF36824dpcABkIQiw5BLQ==,5NMApxg5Cd0pWFY84VRdIg==,,20211222T031804Z,RELEASE-2022
0ffc445d-8971-49ad-804f-b61340722f89,2018-01-29,ORNL_057.basePlot.ltr,D07,ORNL,ORNL_057,tower,2017-10-25T16:00Z,2017-11-06T17:00Z,NEON.LTR.ORNL057.20171106.LVS,NEON.LTR.ORNL057.20171106.LVS.LIG,,1,0.508,27.97,24.24,OK,OK,,University of Florida Wetland Biogeochemistry Laboratory,WBL-M-028,bKF36824dpcABkIQiw5BLQ==,5NMApxg5Cd0pWFY84VRdIg==,,20211222T031804Z,RELEASE-2022
df88da39-0785-46bd-b8c7-f560349cf7c8,2018-01-29,ORNL_052.basePlot.ltr,D07,ORNL,ORNL_052,tower,2017-10-25T16:00Z,2017-11-06T17:00Z,NEON.LTR.ORNL052.20171106.LVS,NEON.LTR.ORNL052.20171106.LVS.LIG,,1,0.547,31.6,24.97,OK,OK,,University of Florida Wetland Biogeochemistry Laboratory,WBL-M-028,bKF36824dpcABkIQiw5BLQ==,5NMApxg5Cd0pWFY84VRdIg==,,20211222T031804Z,RELEASE-2022
998b37a8-777c-4ee6-b3b2-059969fa74e8,2018-01-29,ORNL_055.basePlot.ltr,D07,ORNL,ORNL_055,tower,2017-10-25T16:00Z,2017-11-06T17:00Z,NEON.LTR.ORNL055.20171106.LVS,NEON.LTR.ORNL055.20171106.LVS.LIG,,1,0.534,29.35,26.77,OK,OK,,University of Florida Wetland Biogeochemistry Laboratory,WBL-M-028,bKF36824dpcABkIQiw5BLQ==,5NMApxg5Cd0pWFY84VRdIg==,,20211222T031804Z,RELEASE-2022
acc32342-0118-4267-b1a6-6a0fd6825933,2018-01-26,ORNL_045.basePlot.ltr,D07,ORNL,ORNL_045,tower,2017-10-25T16:00Z,2017-11-06T17:00Z,NEON.LTR.ORNL045.20171106.LVS,NEON.LTR.ORNL045.20171106.LVS.LIG,,1,0.577,31.72,24.86,OK,OK,,University of Florida Wetland Biogeochemistry Laboratory,WBL-M-028,bKF36824dpcABkIQiw5BLQ==,5NMApxg5Cd0pWFY84VRdIg==,,20211222T031804Z,RELEASE-2022
e6d615fe-eb08-4613-bcf1-f019b3fb0872,2018-01-29,ORNL_054.basePlot.ltr,D07,ORNL,ORNL_054,tower,2017-10-25T16:00Z,2017-11-06T17:00Z,NEON.LTR.ORNL054.20171106.LVS,NEON.LTR.ORNL054.20171106.LVS.LIG,,1,0.52,27.85,24.87,OK,OK,,University of Florida Wetland Biogeochemistry Laboratory,WBL-M-028,bKF36824dpcABkIQiw5BLQ==,5NMApxg5Cd0pWFY84VRdIg==,,20211222T031804Z,RELEASE-2022
4b7efb63-afcb-4fca-a6d6-5dd9cf5c40eb,2018-01-29,ORNL_063.basePlot.ltr,D07,ORNL,ORNL_063,tower,2017-10-25T16:00Z,2017-11-06T17:00Z,NEON.LTR.ORNL063.20171106.NDL,NEON.LTR.ORNL063.20171106.NDL.LIG,,1,0.566,28.19,21.58,OK,OK,,University of Florida Wetland Biogeochemistry Laboratory,WBL-M-028,bKF36824dpcABkIQiw5BLQ==,5NMApxg5Cd0pWFY84VRdIg==,,20211222T031804Z,RELEASE-2022
a321235c-748d-4197-aa0d-0835588e2e2d,2018-01-29,ORNL_058.basePlot.ltr,D07,ORNL,ORNL_058,tower,2017-10-25T16:00Z,2017-11-06T17:00Z,NEON.LTR.ORNL058.20171106.LVS,NEON.LTR.ORNL058.20171106.LVS.LIG,,1,0.528,27.29,25.76,OK,OK,,University of Florida Wetland Biogeochemistry Laboratory,WBL-M-028,bKF36824dpcABkIQiw5BLQ==,5NMApxg5Cd0pWFY84VRdIg==,,20211222T031804Z,RELEASE-2022
99937252-5fe8-4d51-8be5-b69a87f8fced,2018-01-29,ORNL_056.basePlot.ltr,D07,ORNL,ORNL_056,tower,2017-10-25T16:00Z,2017-11-06T17:00Z,NEON.LTR.ORNL056.20171106.LVS,NEON.LTR.ORNL056.20171106.LVS.LIG,,2,0.528,28.12,26.2,OK,OK,,University of Florida Wetland Biogeochemistry Laboratory,WBL-M-028,bKF36824dpcABkIQiw5BLQ==,5NMApxg5Cd0pWFY84VRdIg==,,20211222T031804Z,RELEASE-2022
14d93aeb-1717-4b93-97fa-a9267b45cbd3,2020-02-28,DELA_043.basePlot.ltr,D08,DELA,DELA_043,tower,2019-11-04T18:00Z,2019-11-18T18:00Z,NEON.LTR.DELA043.20191118.LVS,NEON.LTR.DELA043.20191118.LVS.LIG,A00000145706,1,0.477,18.19,19.28,OK,OK,,A and L Great Lakes,SOP APF-10-024,5CCjZV/fgtQ=,6AyUQh3hBk8=,,20211221T234336Z,RELEASE-2022
6aa21721-5ded-4ec1-9f33-d1cf059fbbb1,2020-02-28,DELA_038.basePlot.ltr,D08,DELA,DELA_038,tower,2019-11-04T18:00Z,2019-11-18T18:00Z,NEON.LTR.DELA038.20191118.LVS,NEON.LTR.DELA038.20191118.LVS.LIG,A00000145776,1,0.472,17.39,18.89,OK,OK,,A and L Great Lakes,SOP APF-10-024,5CCjZV/fgtQ=,6AyUQh3hBk8=,,20211221T234336Z,RELEASE-2022
95d80795-1dc4-475f-9655-d7c006ed449a,2020-02-28,DELA_041.basePlot.ltr,D08,DELA,DELA_041,tower,2019-11-04T18:00Z,2019-11-18T18:00Z,NEON.LTR.DELA041.20191118.LVS,NEON.LTR.DELA041.20191118.LVS.LIG,A00000145773,1,0.491,17.68,17.01,OK,OK,,A and L Great Lakes,SOP APF-10-024,5CCjZV/fgtQ=,6AyUQh3hBk8=,,20211221T234336Z,RELEASE-2022
7fdc4bd4-afbc-43ee-9dd1-aa354166b1bd,2020-02-28,DELA_051.basePlot.ltr,D08,DELA,DELA_051,tower,2019-11-04T18:00Z,2019-11-18T18:00Z,NEON.LTR.DELA051.20191118.LVS,NEON.LTR.DELA051.20191118.LVS.LIG,A00000145779,1,0.482,15.38,18.04,OK,OK,,A and L Great Lakes,SOP APF-10-024,5CCjZV/fgtQ=,6AyUQh3hBk8=,,20211221T234336Z,RELEASE-2022
9434a0e2-17e7-49bb-84c6-f231b7563cc9,2020-02-28,DELA_059.basePlot.ltr,D08,DELA,DELA_059,tower,2019-11-04T18:00Z,2019-11-18T18:00Z,NEON.LTR.DELA059.20191118.LVS,NEON.LTR.DELA059.20191118.LVS.LIG,A00000145738,1,0.485,20.14,21.49,OK,OK,,A and L Great Lakes,SOP APF-10-024,5CCjZV/fgtQ=,6AyUQh3hBk8=,,20211221T234336Z,RELEASE-2022
c757be9d-5a06-4ddf-9dd1-f3f6ed17bc28,2020-02-28,DELA_048.basePlot.ltr,D08,DELA,DELA_048,tower,2019-11-04T18:00Z,2019-11-18T18:00Z,NEON.LTR.DELA048.20191118.LVS,NEON.LTR.DELA048.20191118.LVS.LIG,A00000145760,1,0.5,15.3,16.7,OK,OK,,A and L Great Lakes,SOP APF-10-024,5CCjZV/fgtQ=,6AyUQh3hBk8=,,20211221T234336Z,RELEASE-2022
072701a0-36f2-4f10-834e-88f35ba85df2,2020-02-28,DELA_046.basePlot.ltr,D08,DELA,DELA_046,tower,2019-11-04T18:00Z,2019-11-18T18:00Z,NEON.LTR.DELA046.20191118.LVS,NEON.LTR.DELA046.20191118.LVS.LIG,A00000145777,1,0.495,25.25,23.2,OK,OK,,A and L Great Lakes,SOP APF-10-024,5CCjZV/fgtQ=,6AyUQh3hBk8=,,20211221T234336Z,RELEASE-2022
82e20fbf-20a3-415b-a543-831184e9f151,2020-02-28,DELA_047.basePlot.ltr,D08,DELA,DELA_047,tower,2019-11-04T18:00Z,2019-11-18T18:00Z,NEON.LTR.DELA047.20191118.LVS,NEON.LTR.DELA047.20191118.LVS.LIG,A00000145709,1,0.48,23.76,19.62,OK,OK,,A and L Great Lakes,SOP APF-10-024,5CCjZV/fgtQ=,6AyUQh3hBk8=,,20211221T234336Z,RELEASE-2022
c9fc9bfc-c688-4d00-92c7-d2cbb90910dc,2020-02-28,DELA_040.basePlot.ltr,D08,DELA,DELA_040,tower,2019-11-04T18:00Z,2019-11-18T18:00Z,NEON.LTR.DELA040.20191118.LVS,NEON.LTR.DELA040.20191118.LVS.LIG,A00000145789,1,0.487,22.45,22.86,OK,OK,,A and L Great Lakes,SOP APF-10-024,5CCjZV/fgtQ=,6AyUQh3hBk8=,,20211221T234336Z,RELEASE-2022
fa1fbc04-f84f-4c93-a611-06ceccd26501,2020-02-28,DELA_044.basePlot.ltr,D08,DELA,DELA_044,tower,2019-11-04T18:00Z,2019-11-18T18:00Z,NEON.LTR.DELA044.20191118.LVS,NEON.LTR.DELA044.20191118.LVS.LIG,A00000145756,1,0.458,20.71,19.5,OK,OK,,A and L Great Lakes,SOP APF-10-024,5CCjZV/fgtQ=,6AyUQh3hBk8=,,20211221T234336Z,RELEASE-2022
8d439863-d80b-448e-8af7-203ccbfc3e86,2020-02-28,DELA_053.basePlot.ltr,D08,DELA,DELA_053,tower,2019-11-04T18:00Z,2019-11-18T18:00Z,NEON.LTR.DELA053.20191118.LVS,NEON.LTR.DELA053.20191118.LVS.LIG,A00000145748,1,0.489,15.74,21.37,OK,OK,,A and L Great Lakes,SOP APF-10-024,5CCjZV/fgtQ=,6AyUQh3hBk8=,,20211221T234336Z,RELEASE-2022
03021db0-a5ec-4986-8534-d7f785d91d46,2020-02-28,DELA_054.basePlot.ltr,D08,DELA,DELA_054,tower,2019-11-04T18:00Z,2019-11-18T18:00Z,NEON.LTR.DELA054.20191118.LVS,NEON.LTR.DELA054.20191118.LVS.LIG,A00000145778,1,0.483,24.45,18.8,OK,OK,,A and L Great Lakes,SOP APF-10-024,5CCjZV/fgtQ=,6AyUQh3hBk8=,,20211221T234336Z,RELEASE-2022
9df97b9a-92ae-49f7-ae39-4d10b9f43fee,2020-02-28,DELA_056.basePlot.ltr,D08,DELA,DELA_056,tower,2019-11-04T18:00Z,2019-11-18T18:00Z,NEON.LTR.DELA056.20191118.LVS,NEON.LTR.DELA056.20191118.LVS.LIG,A00000145796,1,0.496,18.86,18.43,OK,OK,,A and L Great Lakes,SOP APF-10-024,5CCjZV/fgtQ=,6AyUQh3hBk8=,,20211221T234336Z,RELEASE-2022
76272d7c-56c4-43ba-873b-35d31ebe746f,2020-02-28,DELA_039.basePlot.ltr,D08,DELA,DELA_039,tower,2019-11-04T18:00Z,2019-11-18T18:00Z,NEON.LTR.DELA039.20191118.LVS,NEON.LTR.DELA039.20191118.LVS.LIG,A00000145743,1,0.457,14.61,18.76,OK,OK,,A and L Great Lakes,SOP APF-10-024,5CCjZV/fgtQ=,6AyUQh3hBk8=,,20211221T234336Z,RELEASE-2022
f6cc5d9d-cc04-4ec9-abed-e55289a168ee,2020-02-28,DELA_042.basePlot.ltr,D08,DELA,DELA_042,tower,2019-11-04T18:00Z,2019-11-18T18:00Z,NEON.LTR.DELA042.20191118.LVS,NEON.LTR.DELA042.20191118.LVS.LIG,A00000145758,1,0.474,21.8,23.09,OK,OK,,A and L Great Lakes,SOP APF-10-024,5CCjZV/fgtQ=,6AyUQh3hBk8=,,20211221T234336Z,RELEASE-2022
3a2b8350-b0b5-47b7-9154-a55e0efc386d,2020-02-28,DELA_050.basePlot.ltr,D08,DELA,DELA_050,tower,2019-11-04T18:00Z,2019-11-18T18:00Z,NEON.LTR.DELA050.20191118.LVS,NEON.LTR.DELA050.20191118.LVS.LIG,A00000145727,1,0.491,18.38,20.34,OK,OK,,A and L Great Lakes,SOP APF-10-024,5CCjZV/fgtQ=,6AyUQh3hBk8=,,20211221T234336Z,RELEASE-2022
e9e29e75-24a5-4ca7-ae6e-b4ef42d759a5,2020-02-28,DELA_052.basePlot.ltr,D08,DELA,DELA_052,tower,2019-11-04T18:00Z,2019-11-18T18:00Z,NEON.LTR.DELA052.20191118.LVS,NEON.LTR.DELA052.20191118.LVS.LIG,A00000145740,1,0.459,19.69,19.52,OK,OK,,A and L Great Lakes,SOP APF-10-024,5CCjZV/fgtQ=,6AyUQh3hBk8=,,20211221T234336Z,RELEASE-2022
5e594059-9dc6-4307-bb83-a910614686a0,2020-02-28,DELA_055.basePlot.ltr,D08,DELA,DELA_055,tower,2019-11-04T18:00Z,2019-11-18T18:00Z,NEON.LTR.DELA055.20191118.LVS,NEON.LTR.DELA055.20191118.LVS.LIG,A00000145780,1,0.486,13.98,15.46,OK,OK,,A and L Great Lakes,SOP APF-10-024,5CCjZV/fgtQ=,6AyUQh3hBk8=,,20211221T234336Z,RELEASE-2022
3729f4b5-657d-487f-b73b-505fac9c93e4,2020-02-28,DELA_037.basePlot.ltr,D08,DELA,DELA_037,tower,2019-11-04T18:00Z,2019-11-18T18:00Z,NEON.LTR.DELA037.20191118.LVS,NEON.LTR.DELA037.20191118.LVS.LIG,A00000145735,1,0.49,17.15,17.61,OK,OK,,A and L Great Lakes,SOP APF-10-024,5CCjZV/fgtQ=,6AyUQh3hBk8=,,20211221T234336Z,RELEASE-2022
1913ab1d-b731-4312-b3a9-f3ec9a85a918,2020-02-28,DELA_045.basePlot.ltr,D08,DELA,DELA_045,tower,2019-11-04T18:00Z,2019-11-18T18:00Z,NEON.LTR.DELA045.20191118.LVS,NEON.LTR.DELA045.20191118.LVS.LIG,A00000145730,1,0.476,18.11,25.6,OK,OK,,A and L Great Lakes,SOP APF-10-024,5CCjZV/fgtQ=,6AyUQh3hBk8=,,20211221T234336Z,RELEASE-2022
2e72ff27-1e55-4b5e-b1fe-e4d4086b50b2,2019-08-01,LENO_061.basePlot.ltr,D08,LENO,LENO_061,tower,2018-10-29T17:00Z,2018-11-12T18:00Z,NEON.LTR.LENO061.20181112.LVS,NEON.LTR.LENO061.20181112.LVS.LIG,B00000004335,1,0.47,32.44,18.84,OK,OK,,A and L Great Lakes,SOP APF-10-024,5CCjZV/fgtQ=,6AyUQh3hBk8=,,20211221T203200Z,RELEASE-2022
299ff1f0-b765-4096-88e2-d1ebba80cd5c,2019-08-01,LENO_070.basePlot.ltr,D08,LENO,LENO_070,tower,2018-10-29T17:00Z,2018-11-12T18:00Z,NEON.LTR.LENO070.20181112.LVS,NEON.LTR.LENO070.20181112.LVS.LIG,B00000004372,1,0.473,31.97,22.57,OK,OK,,A and L Great Lakes,SOP APF-10-024,5CCjZV/fgtQ=,6AyUQh3hBk8=,,20211221T203200Z,RELEASE-2022
54846211-5bf2-4913-b8fc-bf6e9da05451,2019-08-01,LENO_068.basePlot.ltr,D08,LENO,LENO_068,tower,2018-10-29T17:00Z,2018-11-12T18:00Z,NEON.LTR.LENO068.20181112.LVS,NEON.LTR.LENO068.20181112.LVS.LIG,B00000004365,1,0.474,28.24,21.49,OK,OK,,A and L Great Lakes,SOP APF-10-024,5CCjZV/fgtQ=,6AyUQh3hBk8=,,20211221T203200Z,RELEASE-2022
0122038d-49ec-4c88-a9cb-5d96b9f71dae,2019-08-01,LENO_067.basePlot.ltr,D08,LENO,LENO_067,tower,2018-10-29T17:00Z,2018-11-12T18:00Z,NEON.LTR.LENO067.20181112.LVS,NEON.LTR.LENO067.20181112.LVS.LIG,B00000004361,1,0.455,27.38,21.39,OK,OK,,A and L Great Lakes,SOP APF-10-024,5CCjZV/fgtQ=,6AyUQh3hBk8=,,20211221T203200Z,RELEASE-2022
4b521261-cab6-481f-8bd0-a6ac3cb20ca4,2019-08-01,LENO_066.basePlot.ltr,D08,LENO,LENO_066,tower,2018-10-29T17:00Z,2018-11-12T18:00Z,NEON.LTR.LENO066.20181112.LVS,NEON.LTR.LENO066.20181112.LVS.LIG,B00000004355,1,0.464,34.69,22.43,OK,OK,,A and L Great Lakes,SOP APF-10-024,5CCjZV/fgtQ=,6AyUQh3hBk8=,,20211221T203200Z,RELEASE-2022
43c203d2-93f9-4db5-8a17-7d91bb25e7e2,2019-08-01,LENO_065.basePlot.ltr,D08,LENO,LENO_065,tower,2018-10-29T17:00Z,2018-11-12T18:00Z,NEON.LTR.LENO065.20181112.LVS,NEON.LTR.LENO065.20181112.LVS.LIG,B00000004353,1,0.495,29.34,20.74,OK,OK,,A and L Great Lakes,SOP APF-10-024,5CCjZV/fgtQ=,6AyUQh3hBk8=,,20211221T203200Z,RELEASE-2022
1da7cf97-b394-4602-bb26-d03f1fa73076,2019-08-01,LENO_066.basePlot.ltr,D08,LENO,LENO_066,tower,2018-10-29T17:00Z,2018-11-12T18:00Z,NEON.LTR.LENO066.20181112.NDL,NEON.LTR.LENO066.20181112.NDL.LIG,B00000004357,1,0.478,26.78,24.15,OK,OK,,A and L Great Lakes,SOP APF-10-024,5CCjZV/fgtQ=,6AyUQh3hBk8=,,20211221T203200Z,RELEASE-2022
99214dca-b9d3-4cc7-83a3-b75f4c0fc0ed,2019-08-01,LENO_063.basePlot.ltr,D08,LENO,LENO_063,tower,2018-10-29T17:00Z,2018-11-12T18:00Z,NEON.LTR.LENO063.20181112.LVS,NEON.LTR.LENO063.20181112.LVS.LIG,B00000004343,1,0.473,31.19,18.17,OK,OK,,A and L Great Lakes,SOP APF-10-024,5CCjZV/fgtQ=,6AyUQh3hBk8=,,20211221T203200Z,RELEASE-2022
90d2d56e-b5da-4af7-be0e-f1ee637693e3,2019-08-01,LENO_069.basePlot.ltr,D08,LENO,LENO_069,tower,2018-10-29T17:00Z,2018-11-12T18:00Z,NEON.LTR.LENO069.20181112.LVS,NEON.LTR.LENO069.20181112.LVS.LIG,B00000004369,1,0.486,31.14,20.74,OK,OK,,A and L Great Lakes,SOP APF-10-024,5CCjZV/fgtQ=,6AyUQh3hBk8=,,20211221T203200Z,RELEASE-2022
2bf05130-8a5b-47d7-ad19-0c606e03d6cb,2019-08-01,LENO_064.basePlot.ltr,D08,LENO,LENO_064,tower,2018-10-29T17:00Z,2018-11-12T18:00Z,NEON.LTR.LENO064.20181112.NDL,NEON.LTR.LENO064.20181112.NDL.LIG,B00000004349,1,0.495,27.48,24.36,OK,OK,,A and L Great Lakes,SOP APF-10-024,5CCjZV/fgtQ=,6AyUQh3hBk8=,,20211221T203200Z,RELEASE-2022
494b535c-9fc2-4948-a444-0b2c42af12ac,2019-08-01,LENO_064.basePlot.ltr,D08,LENO,LENO_064,tower,2018-10-29T17:00Z,2018-11-12T18:00Z,NEON.LTR.LENO064.20181112.LVS,NEON.LTR.LENO064.20181112.LVS.LIG,B00000004346,1,0.47,33.18,19.97,OK,OK,,A and L Great Lakes,SOP APF-10-024,5CCjZV/fgtQ=,6AyUQh3hBk8=,,20211221T203200Z,RELEASE-2022
7fbb0f47-ca56-45e5-8f22-a20a39d92498,2019-08-01,LENO_068.basePlot.ltr,D08,LENO,LENO_068,tower,2018-10-29T17:00Z,2018-11-12T18:00Z,NEON.LTR.LENO068.20181112.NDL,NEON.LTR.LENO068.20181112.NDL.LIG,B00000004366,1,0.271,24.21,19.53,OK,OK,,A and L Great Lakes,SOP APF-10-024,5CCjZV/fgtQ=,6AyUQh3hBk8=,,20211221T203200Z,RELEASE-2022
601be172-449e-468c-81fd-36bf0a1b3add,2019-08-01,LENO_062.basePlot.ltr,D08,LENO,LENO_062,tower,2018-10-29T17:00Z,2018-11-12T18:00Z,NEON.LTR.LENO062.20181112.LVS,NEON.LTR.LENO062.20181112.LVS.LIG,B00000004338,1,0.497,34.39,20.64,OK,OK,,A and L Great Lakes,SOP APF-10-024,5CCjZV/fgtQ=,6AyUQh3hBk8=,,20211221T203200Z,RELEASE-2022
